Ecozone,Pool,Plain.Language.Name,Variable.Name,Value,SeverityClass,InterimValue,Notes
AM,AGFastDOM,Woody Debris Portion of AGFastDOM,CWD.frac.of.AGFastDOM,0.5,NA,TRUE,
BC,AGFastDOM,Woody Debris Portion of AGFastDOM,CWD.frac.of.AGFastDOM,0.5,NA,TRUE,
BP,AGFastDOM,Woody Debris Portion of AGFastDOM,CWD.frac.of.AGFastDOM,0.5,NA,TRUE,
BSW,AGFastDOM,Woody Debris Portion of AGFastDOM,CWD.frac.of.AGFastDOM,0.5,NA,TRUE,
BSE,AGFastDOM,Woody Debris Portion of AGFastDOM,CWD.frac.of.AGFastDOM,0.5,NA,TRUE,
HP,AGFastDOM,Woody Debris Portion of AGFastDOM,CWD.frac.of.AGFastDOM,0.5,NA,TRUE,
MP,AGFastDOM,Woody Debris Portion of AGFastDOM,CWD.frac.of.AGFastDOM,0.5,NA,TRUE,Avg condition is live tree with 5-50% brown needles
MC,AGFastDOM,Woody Debris Portion of AGFastDOM,CWD.frac.of.AGFastDOM,0.5,NA,TRUE,"Avg condition is a live tree with 5 - 25% dead needles. Avg flame height is 1.4m, in a 13-14 m stand"
PM,AGFastDOM,Woody Debris Portion of AGFastDOM,CWD.frac.of.AGFastDOM,0.5,NA,TRUE,Char height is 5.7m on ~20m trees. Average condition is a live tree with some minor needle scorch.
P,AGFastDOM,Woody Debris Portion of AGFastDOM,CWD.frac.of.AGFastDOM,0.5,NA,TRUE,
TC,AGFastDOM,Woody Debris Portion of AGFastDOM,CWD.frac.of.AGFastDOM,0.5,NA,TRUE,Avg condition is live tree with <25 % brown needles
TP,AGFastDOM,Woody Debris Portion of AGFastDOM,CWD.frac.of.AGFastDOM,0.5,NA,TRUE,
TSE,AGFastDOM,Woody Debris Portion of AGFastDOM,CWD.frac.of.AGFastDOM,0.5,NA,TRUE,
TSW,AGFastDOM,Woody Debris Portion of AGFastDOM,CWD.frac.of.AGFastDOM,0.5,NA,TRUE,
AM,AGVeryFastDOM,Unburned fraction of litter layer (by area),Unburned.litter.area,0.14,Low,FALSE,Taken from Boreal Plain for all DMs
AM,AGVeryFastDOM,Unburned fraction of litter layer (by area),Unburned.litter.area,0.06,Mod,FALSE,Taken from Boreal Plain for all DMs
AM,AGVeryFastDOM,Unburned fraction of litter layer (by area),Unburned.litter.area,0.02,High,FALSE,Taken from Boreal Plain for all DMs
BC,AGVeryFastDOM,Unburned fraction of litter layer (by area),Unburned.litter.area,0.14,Low,FALSE,Taken from Boreal Plain for all DMS
BC,AGVeryFastDOM,Unburned fraction of litter layer (by area),Unburned.litter.area,0.06,Mod,FALSE,
BC,AGVeryFastDOM,Unburned fraction of litter layer (by area),Unburned.litter.area,0.02,High,FALSE,
BP,AGVeryFastDOM,Unburned fraction of litter layer (by area),Unburned.litter.area,0.14,Low,FALSE,
BP,AGVeryFastDOM,Unburned fraction of litter layer (by area),Unburned.litter.area,0.06,Mod,FALSE,
BP,AGVeryFastDOM,Unburned fraction of litter layer (by area),Unburned.litter.area,0.02,High,FALSE,
BSW,AGVeryFastDOM,Unburned fraction of litter layer (by area),Unburned.litter.area,0.2,Low,FALSE,
BSW,AGVeryFastDOM,Unburned fraction of litter layer (by area),Unburned.litter.area,0.08,Mod,FALSE,
BSW,AGVeryFastDOM,Unburned fraction of litter layer (by area),Unburned.litter.area,0.05,High,FALSE,
BSE,AGVeryFastDOM,Unburned fraction of litter layer (by area),Unburned.litter.area,0.2,Low,FALSE,
BSE,AGVeryFastDOM,Unburned fraction of litter layer (by area),Unburned.litter.area,0.08,Mod,FALSE,
BSE,AGVeryFastDOM,Unburned fraction of litter layer (by area),Unburned.litter.area,0.05,High,FALSE,
HP,AGVeryFastDOM,Unburned fraction of litter layer (by area),Unburned.litter.area,0.2,Low,FALSE,
HP,AGVeryFastDOM,Unburned fraction of litter layer (by area),Unburned.litter.area,0.08,Mod,FALSE,
HP,AGVeryFastDOM,Unburned fraction of litter layer (by area),Unburned.litter.area,0.05,High,FALSE,
MP,AGVeryFastDOM,Unburned fraction of litter layer (by area),Unburned.litter.area,0.14,Low,FALSE,
MP,AGVeryFastDOM,Unburned fraction of litter layer (by area),Unburned.litter.area,0.06,Mod,FALSE,
MP,AGVeryFastDOM,Unburned fraction of litter layer (by area),Unburned.litter.area,0.02,High,FALSE,
MC,AGVeryFastDOM,Unburned fraction of litter layer (by area),Unburned.litter.area,0.14,Low,FALSE,
MC,AGVeryFastDOM,Unburned fraction of litter layer (by area),Unburned.litter.area,0.06,Mod,FALSE,
MC,AGVeryFastDOM,Unburned fraction of litter layer (by area),Unburned.litter.area,0.02,High,FALSE,
PM,AGVeryFastDOM,Unburned fraction of litter layer (by area),Unburned.litter.area,0.14,Low,TRUE,
PM,AGVeryFastDOM,Unburned fraction of litter layer (by area),Unburned.litter.area,0.06,Mod,TRUE,
PM,AGVeryFastDOM,Unburned fraction of litter layer (by area),Unburned.litter.area,0.02,High,TRUE,
P,AGVeryFastDOM,Unburned fraction of litter layer (by area),Unburned.litter.area,0.14,Low,FALSE,
P,AGVeryFastDOM,Unburned fraction of litter layer (by area),Unburned.litter.area,0.06,Mod,FALSE,
P,AGVeryFastDOM,Unburned fraction of litter layer (by area),Unburned.litter.area,0.02,High,FALSE,
TC,AGVeryFastDOM,Unburned fraction of litter layer (by area),Unburned.litter.area,0.14,Low,FALSE,
TC,AGVeryFastDOM,Unburned fraction of litter layer (by area),Unburned.litter.area,0.06,Mod,FALSE,
TC,AGVeryFastDOM,Unburned fraction of litter layer (by area),Unburned.litter.area,0.02,High,FALSE,
TP,AGVeryFastDOM,Unburned fraction of litter layer (by area),Unburned.litter.area,0.14,Low,FALSE,
TP,AGVeryFastDOM,Unburned fraction of litter layer (by area),Unburned.litter.area,0.16,Mod,FALSE,
TP,AGVeryFastDOM,Unburned fraction of litter layer (by area),Unburned.litter.area,0.03,High,FALSE,
TSE,AGVeryFastDOM,Unburned fraction of litter layer (by area),Unburned.litter.area,0.2,Low,FALSE,
TSE,AGVeryFastDOM,Unburned fraction of litter layer (by area),Unburned.litter.area,0.08,Mod,FALSE,
TSE,AGVeryFastDOM,Unburned fraction of litter layer (by area),Unburned.litter.area,0.05,High,FALSE,
TSW,AGVeryFastDOM,Unburned fraction of litter layer (by area),Unburned.litter.area,0.2,Low,FALSE,
TSW,AGVeryFastDOM,Unburned fraction of litter layer (by area),Unburned.litter.area,0.08,Mod,FALSE,
TSW,AGVeryFastDOM,Unburned fraction of litter layer (by area),Unburned.litter.area,0.05,High,FALSE,
AM,Branch,Hardwood Large Branch Combustion Fraction,HW.LgBranch.Comb.Frac,0.2,Low,TRUE,
AM,Branch,Hardwood Large Branch Combustion Fraction,HW.LgBranch.Comb.Frac,0.2,Mod,TRUE,
AM,Branch,Hardwood Large Branch Combustion Fraction,HW.LgBranch.Comb.Frac,0.2,High,TRUE,
BC,Branch,Hardwood Large Branch Combustion Fraction,HW.LgBranch.Comb.Frac,0.2,Low,TRUE,
BC,Branch,Hardwood Large Branch Combustion Fraction,HW.LgBranch.Comb.Frac,0.2,Mod,TRUE,
BC,Branch,Hardwood Large Branch Combustion Fraction,HW.LgBranch.Comb.Frac,0.2,High,TRUE,
BP,Branch,Hardwood Large Branch Combustion Fraction,HW.LgBranch.Comb.Frac,0.2,Low,TRUE,
BP,Branch,Hardwood Large Branch Combustion Fraction,HW.LgBranch.Comb.Frac,0.2,Mod,TRUE,
BP,Branch,Hardwood Large Branch Combustion Fraction,HW.LgBranch.Comb.Frac,0.2,High,TRUE,
BSW,Branch,Hardwood Large Branch Combustion Fraction,HW.LgBranch.Comb.Frac,0.2,Low,TRUE,
BSW,Branch,Hardwood Large Branch Combustion Fraction,HW.LgBranch.Comb.Frac,0.2,Mod,TRUE,
BSW,Branch,Hardwood Large Branch Combustion Fraction,HW.LgBranch.Comb.Frac,0.2,High,TRUE,
BSE,Branch,Hardwood Large Branch Combustion Fraction,HW.LgBranch.Comb.Frac,0.2,Low,TRUE,
BSE,Branch,Hardwood Large Branch Combustion Fraction,HW.LgBranch.Comb.Frac,0.2,Mod,TRUE,
BSE,Branch,Hardwood Large Branch Combustion Fraction,HW.LgBranch.Comb.Frac,0.2,High,TRUE,
HP,Branch,Hardwood Large Branch Combustion Fraction,HW.LgBranch.Comb.Frac,0.2,Low,TRUE,
HP,Branch,Hardwood Large Branch Combustion Fraction,HW.LgBranch.Comb.Frac,0.2,Mod,TRUE,
HP,Branch,Hardwood Large Branch Combustion Fraction,HW.LgBranch.Comb.Frac,0.2,High,TRUE,
MP,Branch,Hardwood Large Branch Combustion Fraction,HW.LgBranch.Comb.Frac,0.2,Low,TRUE,
MP,Branch,Hardwood Large Branch Combustion Fraction,HW.LgBranch.Comb.Frac,0.2,Mod,TRUE,
MP,Branch,Hardwood Large Branch Combustion Fraction,HW.LgBranch.Comb.Frac,0.2,High,TRUE,
MC,Branch,Hardwood Large Branch Combustion Fraction,HW.LgBranch.Comb.Frac,0.2,Low,TRUE,
MC,Branch,Hardwood Large Branch Combustion Fraction,HW.LgBranch.Comb.Frac,0.2,Mod,TRUE,
MC,Branch,Hardwood Large Branch Combustion Fraction,HW.LgBranch.Comb.Frac,0.2,High,TRUE,
PM,Branch,Hardwood Large Branch Combustion Fraction,HW.LgBranch.Comb.Frac,0.2,Low,TRUE,
PM,Branch,Hardwood Large Branch Combustion Fraction,HW.LgBranch.Comb.Frac,0.2,Mod,TRUE,
PM,Branch,Hardwood Large Branch Combustion Fraction,HW.LgBranch.Comb.Frac,0.2,High,TRUE,
P,Branch,Hardwood Large Branch Combustion Fraction,HW.LgBranch.Comb.Frac,0.2,Low,TRUE,
P,Branch,Hardwood Large Branch Combustion Fraction,HW.LgBranch.Comb.Frac,0.2,Mod,TRUE,
P,Branch,Hardwood Large Branch Combustion Fraction,HW.LgBranch.Comb.Frac,0.2,High,TRUE,
TC,Branch,Hardwood Large Branch Combustion Fraction,HW.LgBranch.Comb.Frac,0.2,Low,TRUE,
TC,Branch,Hardwood Large Branch Combustion Fraction,HW.LgBranch.Comb.Frac,0.2,Mod,TRUE,
TC,Branch,Hardwood Large Branch Combustion Fraction,HW.LgBranch.Comb.Frac,0.2,High,TRUE,
TP,Branch,Hardwood Large Branch Combustion Fraction,HW.LgBranch.Comb.Frac,0.2,Low,TRUE,
TP,Branch,Hardwood Large Branch Combustion Fraction,HW.LgBranch.Comb.Frac,0.2,Mod,TRUE,
TP,Branch,Hardwood Large Branch Combustion Fraction,HW.LgBranch.Comb.Frac,0.2,High,TRUE,
TSE,Branch,Hardwood Large Branch Combustion Fraction,HW.LgBranch.Comb.Frac,0,Low,FALSE,
TSE,Branch,Hardwood Large Branch Combustion Fraction,HW.LgBranch.Comb.Frac,0.2,Mod,TRUE,
TSE,Branch,Hardwood Large Branch Combustion Fraction,HW.LgBranch.Comb.Frac,0.2,High,TRUE,
TSW,Branch,Hardwood Large Branch Combustion Fraction,HW.LgBranch.Comb.Frac,0,Low,FALSE,
TSW,Branch,Hardwood Large Branch Combustion Fraction,HW.LgBranch.Comb.Frac,0.2,Mod,TRUE,
TSW,Branch,Hardwood Large Branch Combustion Fraction,HW.LgBranch.Comb.Frac,0.2,High,TRUE,
AM,Branch,Hardwood Small Branch Combustion Fraction,HW.SmBranch.Comb.Frac,1,Low,TRUE,
AM,Branch,Hardwood Small Branch Combustion Fraction,HW.SmBranch.Comb.Frac,1,Mod,TRUE,
AM,Branch,Hardwood Small Branch Combustion Fraction,HW.SmBranch.Comb.Frac,1,High,TRUE,
BC,Branch,Hardwood Small Branch Combustion Fraction,HW.SmBranch.Comb.Frac,1,Low,TRUE,
BC,Branch,Hardwood Small Branch Combustion Fraction,HW.SmBranch.Comb.Frac,1,Mod,TRUE,
BC,Branch,Hardwood Small Branch Combustion Fraction,HW.SmBranch.Comb.Frac,1,High,TRUE,
BP,Branch,Hardwood Small Branch Combustion Fraction,HW.SmBranch.Comb.Frac,1,Low,TRUE,
BP,Branch,Hardwood Small Branch Combustion Fraction,HW.SmBranch.Comb.Frac,1,Mod,TRUE,
BP,Branch,Hardwood Small Branch Combustion Fraction,HW.SmBranch.Comb.Frac,1,High,TRUE,
BSW,Branch,Hardwood Small Branch Combustion Fraction,HW.SmBranch.Comb.Frac,1,Low,TRUE,
BSW,Branch,Hardwood Small Branch Combustion Fraction,HW.SmBranch.Comb.Frac,1,Mod,TRUE,
BSW,Branch,Hardwood Small Branch Combustion Fraction,HW.SmBranch.Comb.Frac,1,High,TRUE,
BSE,Branch,Hardwood Small Branch Combustion Fraction,HW.SmBranch.Comb.Frac,1,Low,TRUE,
BSE,Branch,Hardwood Small Branch Combustion Fraction,HW.SmBranch.Comb.Frac,1,Mod,TRUE,
BSE,Branch,Hardwood Small Branch Combustion Fraction,HW.SmBranch.Comb.Frac,1,High,TRUE,
HP,Branch,Hardwood Small Branch Combustion Fraction,HW.SmBranch.Comb.Frac,1,Low,TRUE,
HP,Branch,Hardwood Small Branch Combustion Fraction,HW.SmBranch.Comb.Frac,1,Mod,TRUE,
HP,Branch,Hardwood Small Branch Combustion Fraction,HW.SmBranch.Comb.Frac,1,High,TRUE,
MP,Branch,Hardwood Small Branch Combustion Fraction,HW.SmBranch.Comb.Frac,1,Low,TRUE,
MP,Branch,Hardwood Small Branch Combustion Fraction,HW.SmBranch.Comb.Frac,1,Mod,TRUE,
MP,Branch,Hardwood Small Branch Combustion Fraction,HW.SmBranch.Comb.Frac,1,High,TRUE,
MC,Branch,Hardwood Small Branch Combustion Fraction,HW.SmBranch.Comb.Frac,1,Low,TRUE,
MC,Branch,Hardwood Small Branch Combustion Fraction,HW.SmBranch.Comb.Frac,1,Mod,TRUE,
MC,Branch,Hardwood Small Branch Combustion Fraction,HW.SmBranch.Comb.Frac,1,High,TRUE,
PM,Branch,Hardwood Small Branch Combustion Fraction,HW.SmBranch.Comb.Frac,1,Low,TRUE,
PM,Branch,Hardwood Small Branch Combustion Fraction,HW.SmBranch.Comb.Frac,1,Mod,TRUE,
PM,Branch,Hardwood Small Branch Combustion Fraction,HW.SmBranch.Comb.Frac,1,High,TRUE,
P,Branch,Hardwood Small Branch Combustion Fraction,HW.SmBranch.Comb.Frac,1,Low,TRUE,
P,Branch,Hardwood Small Branch Combustion Fraction,HW.SmBranch.Comb.Frac,1,Mod,TRUE,
P,Branch,Hardwood Small Branch Combustion Fraction,HW.SmBranch.Comb.Frac,1,High,TRUE,
TC,Branch,Hardwood Small Branch Combustion Fraction,HW.SmBranch.Comb.Frac,1,Low,TRUE,
TC,Branch,Hardwood Small Branch Combustion Fraction,HW.SmBranch.Comb.Frac,1,Mod,TRUE,
TC,Branch,Hardwood Small Branch Combustion Fraction,HW.SmBranch.Comb.Frac,1,High,TRUE,
TP,Branch,Hardwood Small Branch Combustion Fraction,HW.SmBranch.Comb.Frac,1,Low,TRUE,
TP,Branch,Hardwood Small Branch Combustion Fraction,HW.SmBranch.Comb.Frac,1,Mod,TRUE,
TP,Branch,Hardwood Small Branch Combustion Fraction,HW.SmBranch.Comb.Frac,1,High,TRUE,
TSE,Branch,Hardwood Small Branch Combustion Fraction,HW.SmBranch.Comb.Frac,0,Low,FALSE,
TSE,Branch,Hardwood Small Branch Combustion Fraction,HW.SmBranch.Comb.Frac,1,Mod,TRUE,
TSE,Branch,Hardwood Small Branch Combustion Fraction,HW.SmBranch.Comb.Frac,1,High,TRUE,
TSW,Branch,Hardwood Small Branch Combustion Fraction,HW.SmBranch.Comb.Frac,0,Low,FALSE,
TSW,Branch,Hardwood Small Branch Combustion Fraction,HW.SmBranch.Comb.Frac,1,Mod,TRUE,
TSW,Branch,Hardwood Small Branch Combustion Fraction,HW.SmBranch.Comb.Frac,1,High,TRUE,
AM,Branch,Hardwood small branch fraction of total branchwood,HW.SmBranch.frac.of.tot.BW,0.5,NA,TRUE,
BC,Branch,Hardwood small branch fraction of total branchwood,HW.SmBranch.frac.of.tot.BW,0.5,NA,TRUE,
BP,Branch,Hardwood small branch fraction of total branchwood,HW.SmBranch.frac.of.tot.BW,0.5,NA,TRUE,
BSW,Branch,Hardwood small branch fraction of total branchwood,HW.SmBranch.frac.of.tot.BW,0.5,NA,TRUE,
BSE,Branch,Hardwood small branch fraction of total branchwood,HW.SmBranch.frac.of.tot.BW,0.5,NA,TRUE,
HP,Branch,Hardwood small branch fraction of total branchwood,HW.SmBranch.frac.of.tot.BW,0.5,NA,TRUE,
MP,Branch,Hardwood small branch fraction of total branchwood,HW.SmBranch.frac.of.tot.BW,0.5,NA,TRUE,
MC,Branch,Hardwood small branch fraction of total branchwood,HW.SmBranch.frac.of.tot.BW,0.5,NA,TRUE,
PM,Branch,Hardwood small branch fraction of total branchwood,HW.SmBranch.frac.of.tot.BW,0.5,NA,TRUE,
P,Branch,Hardwood small branch fraction of total branchwood,HW.SmBranch.frac.of.tot.BW,0.5,NA,TRUE,
TC,Branch,Hardwood small branch fraction of total branchwood,HW.SmBranch.frac.of.tot.BW,0.5,NA,TRUE,
TP,Branch,Hardwood small branch fraction of total branchwood,HW.SmBranch.frac.of.tot.BW,0.5,NA,TRUE,
TSE,Branch,Hardwood small branch fraction of total branchwood,HW.SmBranch.frac.of.tot.BW,0.5,NA,TRUE,
TSW,Branch,Hardwood small branch fraction of total branchwood,HW.SmBranch.frac.of.tot.BW,0.5,NA,TRUE,
AM,Branch,Softwood Large Branch Combustion Fraction,SW.LgBranch.Comb.Frac,0.2,Low,TRUE,
AM,Branch,Softwood Large Branch Combustion Fraction,SW.LgBranch.Comb.Frac,0.2,Mod,TRUE,
AM,Branch,Softwood Large Branch Combustion Fraction,SW.LgBranch.Comb.Frac,0.2,High,TRUE,
BC,Branch,Softwood Large Branch Combustion Fraction,SW.LgBranch.Comb.Frac,0.2,Low,TRUE,
BC,Branch,Softwood Large Branch Combustion Fraction,SW.LgBranch.Comb.Frac,0.2,Mod,TRUE,
BC,Branch,Softwood Large Branch Combustion Fraction,SW.LgBranch.Comb.Frac,0.2,High,TRUE,
BP,Branch,Softwood Large Branch Combustion Fraction,SW.LgBranch.Comb.Frac,0.2,Low,TRUE,
BP,Branch,Softwood Large Branch Combustion Fraction,SW.LgBranch.Comb.Frac,0.2,Mod,TRUE,
BP,Branch,Softwood Large Branch Combustion Fraction,SW.LgBranch.Comb.Frac,0.2,High,TRUE,
BSW,Branch,Softwood Large Branch Combustion Fraction,SW.LgBranch.Comb.Frac,0.2,Low,TRUE,
BSW,Branch,Softwood Large Branch Combustion Fraction,SW.LgBranch.Comb.Frac,0.2,Mod,TRUE,
BSW,Branch,Softwood Large Branch Combustion Fraction,SW.LgBranch.Comb.Frac,0.2,High,TRUE,
BSE,Branch,Softwood Large Branch Combustion Fraction,SW.LgBranch.Comb.Frac,0.2,Low,TRUE,
BSE,Branch,Softwood Large Branch Combustion Fraction,SW.LgBranch.Comb.Frac,0.2,Mod,TRUE,
BSE,Branch,Softwood Large Branch Combustion Fraction,SW.LgBranch.Comb.Frac,0.2,High,TRUE,
HP,Branch,Softwood Large Branch Combustion Fraction,SW.LgBranch.Comb.Frac,0.2,Low,TRUE,
HP,Branch,Softwood Large Branch Combustion Fraction,SW.LgBranch.Comb.Frac,0.2,Mod,TRUE,
HP,Branch,Softwood Large Branch Combustion Fraction,SW.LgBranch.Comb.Frac,0.2,High,TRUE,
MP,Branch,Softwood Large Branch Combustion Fraction,SW.LgBranch.Comb.Frac,0.2,Low,TRUE,
MP,Branch,Softwood Large Branch Combustion Fraction,SW.LgBranch.Comb.Frac,0.2,Mod,TRUE,
MP,Branch,Softwood Large Branch Combustion Fraction,SW.LgBranch.Comb.Frac,0.2,High,TRUE,
MC,Branch,Softwood Large Branch Combustion Fraction,SW.LgBranch.Comb.Frac,0.2,Low,TRUE,
MC,Branch,Softwood Large Branch Combustion Fraction,SW.LgBranch.Comb.Frac,0.2,Mod,TRUE,
MC,Branch,Softwood Large Branch Combustion Fraction,SW.LgBranch.Comb.Frac,0.2,High,TRUE,
PM,Branch,Softwood Large Branch Combustion Fraction,SW.LgBranch.Comb.Frac,0.2,Low,TRUE,
PM,Branch,Softwood Large Branch Combustion Fraction,SW.LgBranch.Comb.Frac,0.2,Mod,TRUE,
PM,Branch,Softwood Large Branch Combustion Fraction,SW.LgBranch.Comb.Frac,0.2,High,TRUE,
P,Branch,Softwood Large Branch Combustion Fraction,SW.LgBranch.Comb.Frac,0.2,Low,TRUE,
P,Branch,Softwood Large Branch Combustion Fraction,SW.LgBranch.Comb.Frac,0.2,Mod,TRUE,
P,Branch,Softwood Large Branch Combustion Fraction,SW.LgBranch.Comb.Frac,0.2,High,TRUE,
TC,Branch,Softwood Large Branch Combustion Fraction,SW.LgBranch.Comb.Frac,0.2,Low,TRUE,
TC,Branch,Softwood Large Branch Combustion Fraction,SW.LgBranch.Comb.Frac,0.2,Mod,TRUE,
TC,Branch,Softwood Large Branch Combustion Fraction,SW.LgBranch.Comb.Frac,0.2,High,TRUE,
TP,Branch,Softwood Large Branch Combustion Fraction,SW.LgBranch.Comb.Frac,0.2,Low,TRUE,
TP,Branch,Softwood Large Branch Combustion Fraction,SW.LgBranch.Comb.Frac,0.2,Mod,TRUE,
TP,Branch,Softwood Large Branch Combustion Fraction,SW.LgBranch.Comb.Frac,0.2,High,TRUE,
TSE,Branch,Softwood Large Branch Combustion Fraction,SW.LgBranch.Comb.Frac,0,Low,FALSE,
TSE,Branch,Softwood Large Branch Combustion Fraction,SW.LgBranch.Comb.Frac,0.2,Mod,TRUE,
TSE,Branch,Softwood Large Branch Combustion Fraction,SW.LgBranch.Comb.Frac,0.2,High,TRUE,
TSW,Branch,Softwood Large Branch Combustion Fraction,SW.LgBranch.Comb.Frac,0,Low,FALSE,
TSW,Branch,Softwood Large Branch Combustion Fraction,SW.LgBranch.Comb.Frac,0.2,Mod,TRUE,
TSW,Branch,Softwood Large Branch Combustion Fraction,SW.LgBranch.Comb.Frac,0.2,High,TRUE,
AM,Branch,Softwood Small Branch Combustion Fraction,SW.SmBranch.Comb.Frac,1,Low,TRUE,
AM,Branch,Softwood Small Branch Combustion Fraction,SW.SmBranch.Comb.Frac,1,Mod,TRUE,
AM,Branch,Softwood Small Branch Combustion Fraction,SW.SmBranch.Comb.Frac,1,High,TRUE,
BC,Branch,Softwood Small Branch Combustion Fraction,SW.SmBranch.Comb.Frac,1,Low,TRUE,
BC,Branch,Softwood Small Branch Combustion Fraction,SW.SmBranch.Comb.Frac,1,Mod,TRUE,
BC,Branch,Softwood Small Branch Combustion Fraction,SW.SmBranch.Comb.Frac,1,High,TRUE,
BP,Branch,Softwood Small Branch Combustion Fraction,SW.SmBranch.Comb.Frac,1,Low,TRUE,
BP,Branch,Softwood Small Branch Combustion Fraction,SW.SmBranch.Comb.Frac,1,Mod,TRUE,
BP,Branch,Softwood Small Branch Combustion Fraction,SW.SmBranch.Comb.Frac,1,High,TRUE,
BSW,Branch,Softwood Small Branch Combustion Fraction,SW.SmBranch.Comb.Frac,1,Low,TRUE,
BSW,Branch,Softwood Small Branch Combustion Fraction,SW.SmBranch.Comb.Frac,1,Mod,TRUE,
BSW,Branch,Softwood Small Branch Combustion Fraction,SW.SmBranch.Comb.Frac,1,High,TRUE,
BSE,Branch,Softwood Small Branch Combustion Fraction,SW.SmBranch.Comb.Frac,1,Low,TRUE,
BSE,Branch,Softwood Small Branch Combustion Fraction,SW.SmBranch.Comb.Frac,1,Mod,TRUE,
BSE,Branch,Softwood Small Branch Combustion Fraction,SW.SmBranch.Comb.Frac,1,High,TRUE,
HP,Branch,Softwood Small Branch Combustion Fraction,SW.SmBranch.Comb.Frac,1,Low,TRUE,
HP,Branch,Softwood Small Branch Combustion Fraction,SW.SmBranch.Comb.Frac,1,Mod,TRUE,
HP,Branch,Softwood Small Branch Combustion Fraction,SW.SmBranch.Comb.Frac,1,High,TRUE,
MP,Branch,Softwood Small Branch Combustion Fraction,SW.SmBranch.Comb.Frac,1,Low,TRUE,
MP,Branch,Softwood Small Branch Combustion Fraction,SW.SmBranch.Comb.Frac,1,Mod,TRUE,
MP,Branch,Softwood Small Branch Combustion Fraction,SW.SmBranch.Comb.Frac,1,High,TRUE,
MC,Branch,Softwood Small Branch Combustion Fraction,SW.SmBranch.Comb.Frac,1,Low,TRUE,
MC,Branch,Softwood Small Branch Combustion Fraction,SW.SmBranch.Comb.Frac,1,Mod,TRUE,
MC,Branch,Softwood Small Branch Combustion Fraction,SW.SmBranch.Comb.Frac,1,High,TRUE,
PM,Branch,Softwood Small Branch Combustion Fraction,SW.SmBranch.Comb.Frac,1,Low,TRUE,
PM,Branch,Softwood Small Branch Combustion Fraction,SW.SmBranch.Comb.Frac,1,Mod,TRUE,
PM,Branch,Softwood Small Branch Combustion Fraction,SW.SmBranch.Comb.Frac,1,High,TRUE,
P,Branch,Softwood Small Branch Combustion Fraction,SW.SmBranch.Comb.Frac,1,Low,TRUE,
P,Branch,Softwood Small Branch Combustion Fraction,SW.SmBranch.Comb.Frac,1,Mod,TRUE,
P,Branch,Softwood Small Branch Combustion Fraction,SW.SmBranch.Comb.Frac,1,High,TRUE,
TC,Branch,Softwood Small Branch Combustion Fraction,SW.SmBranch.Comb.Frac,1,Low,TRUE,
TC,Branch,Softwood Small Branch Combustion Fraction,SW.SmBranch.Comb.Frac,1,Mod,TRUE,
TC,Branch,Softwood Small Branch Combustion Fraction,SW.SmBranch.Comb.Frac,1,High,TRUE,
TP,Branch,Softwood Small Branch Combustion Fraction,SW.SmBranch.Comb.Frac,1,Low,TRUE,
TP,Branch,Softwood Small Branch Combustion Fraction,SW.SmBranch.Comb.Frac,1,Mod,TRUE,
TP,Branch,Softwood Small Branch Combustion Fraction,SW.SmBranch.Comb.Frac,1,High,TRUE,
TSE,Branch,Softwood Small Branch Combustion Fraction,SW.SmBranch.Comb.Frac,0,Low,FALSE,
TSE,Branch,Softwood Small Branch Combustion Fraction,SW.SmBranch.Comb.Frac,1,Mod,TRUE,
TSE,Branch,Softwood Small Branch Combustion Fraction,SW.SmBranch.Comb.Frac,1,High,TRUE,
TSW,Branch,Softwood Small Branch Combustion Fraction,SW.SmBranch.Comb.Frac,0,Low,FALSE,
TSW,Branch,Softwood Small Branch Combustion Fraction,SW.SmBranch.Comb.Frac,1,Mod,TRUE,
TSW,Branch,Softwood Small Branch Combustion Fraction,SW.SmBranch.Comb.Frac,1,High,TRUE,
AM,Branch,Softwood small branch fraction of total branchwood,SW.SmBranch.frac.of.tot.BW,0.5,NA,TRUE,
BC,Branch,Softwood small branch fraction of total branchwood,SW.SmBranch.frac.of.tot.BW,0.5,NA,TRUE,
BP,Branch,Softwood small branch fraction of total branchwood,SW.SmBranch.frac.of.tot.BW,0.5,NA,TRUE,
BSW,Branch,Softwood small branch fraction of total branchwood,SW.SmBranch.frac.of.tot.BW,0.5,NA,TRUE,
BSE,Branch,Softwood small branch fraction of total branchwood,SW.SmBranch.frac.of.tot.BW,0.5,NA,TRUE,
HP,Branch,Softwood small branch fraction of total branchwood,SW.SmBranch.frac.of.tot.BW,0.5,NA,TRUE,
MP,Branch,Softwood small branch fraction of total branchwood,SW.SmBranch.frac.of.tot.BW,0.5,NA,TRUE,
MC,Branch,Softwood small branch fraction of total branchwood,SW.SmBranch.frac.of.tot.BW,0.5,NA,TRUE,
PM,Branch,Softwood small branch fraction of total branchwood,SW.SmBranch.frac.of.tot.BW,0.5,NA,TRUE,
P,Branch,Softwood small branch fraction of total branchwood,SW.SmBranch.frac.of.tot.BW,0.5,NA,TRUE,
TC,Branch,Softwood small branch fraction of total branchwood,SW.SmBranch.frac.of.tot.BW,0.5,NA,TRUE,
TP,Branch,Softwood small branch fraction of total branchwood,SW.SmBranch.frac.of.tot.BW,0.5,NA,TRUE,
TSE,Branch,Softwood small branch fraction of total branchwood,SW.SmBranch.frac.of.tot.BW,0.5,NA,TRUE,
TSW,Branch,Softwood small branch fraction of total branchwood,SW.SmBranch.frac.of.tot.BW,0.5,NA,TRUE,
BSW,MedDOM,Combustion rate of Medium DOM (medium woody debris),MedDOM.Comb.Frac,0.024,Low,TRUE,
TP,MedDOM,Combustion rate of Medium DOM (medium woody debris),MedDOM.Comb.Frac,0,Low,TRUE,
TSW,MedDOM,Combustion rate of Medium DOM (medium woody debris),MedDOM.Comb.Frac,0,Low,TRUE,
BP,MedDOM,Combustion rate of Medium DOM (medium woody debris),MedDOM.Comb.Frac,0.359,Low,TRUE,
BC,MedDOM,Combustion rate of Medium DOM (medium woody debris),MedDOM.Comb.Frac,0.024,Low,TRUE,
BSE,MedDOM,Combustion rate of Medium DOM (medium woody debris),MedDOM.Comb.Frac,0.08,Low,TRUE,
TSE,MedDOM,Combustion rate of Medium DOM (medium woody debris),MedDOM.Comb.Frac,0.08,Low,TRUE,
MC,MedDOM,Combustion rate of Medium DOM (medium woody debris),MedDOM.Comb.Frac,0.024,Low,TRUE,
HP,MedDOM,Combustion rate of Medium DOM (medium woody debris),MedDOM.Comb.Frac,0.08,Low,TRUE,
TC,MedDOM,Combustion rate of Medium DOM (medium woody debris),MedDOM.Comb.Frac,0.024,Low,TRUE,
PM,MedDOM,Combustion rate of Medium DOM (medium woody debris),MedDOM.Comb.Frac,0.024,Low,TRUE,
P,MedDOM,Combustion rate of Medium DOM (medium woody debris),MedDOM.Comb.Frac,0.359,Low,TRUE,
AM,MedDOM,Combustion rate of Medium DOM (medium woody debris),MedDOM.Comb.Frac,0.08,Low,TRUE,
MP,MedDOM,Combustion rate of Medium DOM (medium woody debris),MedDOM.Comb.Frac,0.08,Low,TRUE,
BSW,MedDOM,Combustion rate of Medium DOM (medium woody debris),MedDOM.Comb.Frac,0.163,Mod,TRUE,
TP,MedDOM,Combustion rate of Medium DOM (medium woody debris),MedDOM.Comb.Frac,0.218,Mod,TRUE,
TSW,MedDOM,Combustion rate of Medium DOM (medium woody debris),MedDOM.Comb.Frac,0.218,Mod,TRUE,
BP,MedDOM,Combustion rate of Medium DOM (medium woody debris),MedDOM.Comb.Frac,0.509,Mod,TRUE,
BC,MedDOM,Combustion rate of Medium DOM (medium woody debris),MedDOM.Comb.Frac,0.163,Mod,TRUE,
BSE,MedDOM,Combustion rate of Medium DOM (medium woody debris),MedDOM.Comb.Frac,0.131,Mod,TRUE,
TSE,MedDOM,Combustion rate of Medium DOM (medium woody debris),MedDOM.Comb.Frac,0.131,Mod,TRUE,
MC,MedDOM,Combustion rate of Medium DOM (medium woody debris),MedDOM.Comb.Frac,0.163,Mod,TRUE,
HP,MedDOM,Combustion rate of Medium DOM (medium woody debris),MedDOM.Comb.Frac,0.131,Mod,TRUE,
TC,MedDOM,Combustion rate of Medium DOM (medium woody debris),MedDOM.Comb.Frac,0.163,Mod,TRUE,
PM,MedDOM,Combustion rate of Medium DOM (medium woody debris),MedDOM.Comb.Frac,0.163,Mod,FALSE,
P,MedDOM,Combustion rate of Medium DOM (medium woody debris),MedDOM.Comb.Frac,0.509,Mod,TRUE,
AM,MedDOM,Combustion rate of Medium DOM (medium woody debris),MedDOM.Comb.Frac,0.131,Mod,TRUE,
MP,MedDOM,Combustion rate of Medium DOM (medium woody debris),MedDOM.Comb.Frac,0.131,Mod,TRUE,
BSW,MedDOM,Combustion rate of Medium DOM (medium woody debris),MedDOM.Comb.Frac,0.14,High,TRUE,
TP,MedDOM,Combustion rate of Medium DOM (medium woody debris),MedDOM.Comb.Frac,0.238,High,TRUE,
TSW,MedDOM,Combustion rate of Medium DOM (medium woody debris),MedDOM.Comb.Frac,0.238,High,TRUE,
BP,MedDOM,Combustion rate of Medium DOM (medium woody debris),MedDOM.Comb.Frac,0.412,High,TRUE,
BC,MedDOM,Combustion rate of Medium DOM (medium woody debris),MedDOM.Comb.Frac,0.14,High,TRUE,
BSE,MedDOM,Combustion rate of Medium DOM (medium woody debris),MedDOM.Comb.Frac,0.182,High,TRUE,
TSE,MedDOM,Combustion rate of Medium DOM (medium woody debris),MedDOM.Comb.Frac,0.182,High,TRUE,
MC,MedDOM,Combustion rate of Medium DOM (medium woody debris),MedDOM.Comb.Frac,0.14,High,TRUE,
HP,MedDOM,Combustion rate of Medium DOM (medium woody debris),MedDOM.Comb.Frac,0.182,High,TRUE,
TC,MedDOM,Combustion rate of Medium DOM (medium woody debris),MedDOM.Comb.Frac,0.14,High,TRUE,
PM,MedDOM,Combustion rate of Medium DOM (medium woody debris),MedDOM.Comb.Frac,0.14,High,TRUE,
AM,MedDOM,Combustion rate of Medium DOM (medium woody debris),MedDOM.Comb.Frac,0.182,High,TRUE,
P,MedDOM,Combustion rate of Medium DOM (medium woody debris),MedDOM.Comb.Frac,0.412,High,TRUE,
MP,MedDOM,Combustion rate of Medium DOM (medium woody debris),MedDOM.Comb.Frac,0.182,High,TRUE,
AM,Merch,Hardwood Crown Fraction Burned,HW.CFB,0,Low,FALSE,
AM,Merch,Hardwood Crown Fraction Burned,HW.CFB,0.34,Mod,FALSE,
AM,Merch,Hardwood Crown Fraction Burned,HW.CFB,0.95,High,FALSE,
BC,Merch,Hardwood Crown Fraction Burned,HW.CFB,0,Low,FALSE,
BC,Merch,Hardwood Crown Fraction Burned,HW.CFB,0.65,Mod,FALSE,
BC,Merch,Hardwood Crown Fraction Burned,HW.CFB,0.98,High,FALSE,Taken from Boreal Plain for all DMS
BP,Merch,Hardwood Crown Fraction Burned,HW.CFB,0,Low,FALSE,
BP,Merch,Hardwood Crown Fraction Burned,HW.CFB,0.81,Mod,FALSE,
BP,Merch,Hardwood Crown Fraction Burned,HW.CFB,1,High,FALSE,
BSW,Merch,Hardwood Crown Fraction Burned,HW.CFB,0,Low,FALSE,
BSW,Merch,Hardwood Crown Fraction Burned,HW.CFB,0.81,Mod,FALSE,
BSW,Merch,Hardwood Crown Fraction Burned,HW.CFB,1,High,FALSE,
BSE,Merch,Hardwood Crown Fraction Burned,HW.CFB,0,Low,FALSE,
BSE,Merch,Hardwood Crown Fraction Burned,HW.CFB,0.81,Mod,FALSE,
BSE,Merch,Hardwood Crown Fraction Burned,HW.CFB,1,High,FALSE,
HP,Merch,Hardwood Crown Fraction Burned,HW.CFB,0,Low,FALSE,
HP,Merch,Hardwood Crown Fraction Burned,HW.CFB,0.81,Mod,FALSE,
HP,Merch,Hardwood Crown Fraction Burned,HW.CFB,1,High,FALSE,
MP,Merch,Hardwood Crown Fraction Burned,HW.CFB,0,Low,FALSE,Taken from Boreal Plain for all DMs
MP,Merch,Hardwood Crown Fraction Burned,HW.CFB,0.34,Mod,FALSE,Taken from Boreal Plain for all DMs
MP,Merch,Hardwood Crown Fraction Burned,HW.CFB,0.95,High,FALSE,Taken from Boreal Plain for all DMs
MC,Merch,Hardwood Crown Fraction Burned,HW.CFB,0,Low,FALSE,Taken from boreal plains data for all hardwood categories
MC,Merch,Hardwood Crown Fraction Burned,HW.CFB,0.74,Mod,FALSE,Taken from boreal plains data for all hardwood categories
MC,Merch,Hardwood Crown Fraction Burned,HW.CFB,1,High,FALSE,
PM,Merch,Hardwood Crown Fraction Burned,HW.CFB,0,Low,FALSE,Taken from boreal plain for all DMs
PM,Merch,Hardwood Crown Fraction Burned,HW.CFB,0.38,Mod,FALSE,Taken from boreal plain for all DMs
PM,Merch,Hardwood Crown Fraction Burned,HW.CFB,0.97,High,FALSE,
P,Merch,Hardwood Crown Fraction Burned,HW.CFB,0,Low,FALSE,
P,Merch,Hardwood Crown Fraction Burned,HW.CFB,0.81,Mod,FALSE,
P,Merch,Hardwood Crown Fraction Burned,HW.CFB,1,High,FALSE,
TC,Merch,Hardwood Crown Fraction Burned,HW.CFB,0,Low,FALSE,Taken from Boreal Plain for all DMS
TC,Merch,Hardwood Crown Fraction Burned,HW.CFB,0.65,Mod,FALSE,Taken from Boreal Plain for all DMS
TC,Merch,Hardwood Crown Fraction Burned,HW.CFB,1,High,FALSE,Taken from Boreal Plain for all DMS
TP,Merch,Hardwood Crown Fraction Burned,HW.CFB,0,Low,FALSE,
TP,Merch,Hardwood Crown Fraction Burned,HW.CFB,0.81,Mod,FALSE,
TP,Merch,Hardwood Crown Fraction Burned,HW.CFB,1,High,FALSE,
TSE,Merch,Hardwood Crown Fraction Burned,HW.CFB,0.25,Low,TRUE,
TSE,Merch,Hardwood Crown Fraction Burned,HW.CFB,0.81,Mod,FALSE,
TSE,Merch,Hardwood Crown Fraction Burned,HW.CFB,1,High,FALSE,
TSW,Merch,Hardwood Crown Fraction Burned,HW.CFB,0.25,Low,TRUE,
TSW,Merch,Hardwood Crown Fraction Burned,HW.CFB,0.81,Mod,FALSE,
TSW,Merch,Hardwood Crown Fraction Burned,HW.CFB,1,High,FALSE,
AM,Merch,Hardwood Resprout Rate of fire-killed stems,HW.ReSprout,0.760463278,Low,TRUE,
AM,Merch,Hardwood Resprout Rate of fire-killed stems,HW.ReSprout,0.760463278,Mod,TRUE,
AM,Merch,Hardwood Resprout Rate of fire-killed stems,HW.ReSprout,0.760463278,High,TRUE,
BC,Merch,Hardwood Resprout Rate of fire-killed stems,HW.ReSprout,0.758945196,Low,TRUE,
BC,Merch,Hardwood Resprout Rate of fire-killed stems,HW.ReSprout,0.758945196,Mod,TRUE,
BC,Merch,Hardwood Resprout Rate of fire-killed stems,HW.ReSprout,0.758945196,High,TRUE,
BP,Merch,Hardwood Resprout Rate of fire-killed stems,HW.ReSprout,0.992695482,Low,TRUE,
BP,Merch,Hardwood Resprout Rate of fire-killed stems,HW.ReSprout,0.992695482,Mod,TRUE,
BP,Merch,Hardwood Resprout Rate of fire-killed stems,HW.ReSprout,0.992695482,High,TRUE,
BSW,Merch,Hardwood Resprout Rate of fire-killed stems,HW.ReSprout,0.746263261,Low,TRUE,
BSW,Merch,Hardwood Resprout Rate of fire-killed stems,HW.ReSprout,0.746263261,Mod,TRUE,
BSW,Merch,Hardwood Resprout Rate of fire-killed stems,HW.ReSprout,0.746263261,High,TRUE,
BSE,Merch,Hardwood Resprout Rate of fire-killed stems,HW.ReSprout,0.666053412,Low,TRUE,
BSE,Merch,Hardwood Resprout Rate of fire-killed stems,HW.ReSprout,0.666053412,Mod,TRUE,
BSE,Merch,Hardwood Resprout Rate of fire-killed stems,HW.ReSprout,0.666053412,High,TRUE,
HP,Merch,Hardwood Resprout Rate of fire-killed stems,HW.ReSprout,0.798355385,Low,TRUE,
HP,Merch,Hardwood Resprout Rate of fire-killed stems,HW.ReSprout,0.798355385,Mod,TRUE,
HP,Merch,Hardwood Resprout Rate of fire-killed stems,HW.ReSprout,0.798355385,High,TRUE,
MP,Merch,Hardwood Resprout Rate of fire-killed stems,HW.ReSprout,0.324519552,Low,TRUE,
MP,Merch,Hardwood Resprout Rate of fire-killed stems,HW.ReSprout,0.324519552,Mod,TRUE,
MP,Merch,Hardwood Resprout Rate of fire-killed stems,HW.ReSprout,0.324519552,High,TRUE,
MC,Merch,Hardwood Resprout Rate of fire-killed stems,HW.ReSprout,0.972107886,Low,TRUE,
MC,Merch,Hardwood Resprout Rate of fire-killed stems,HW.ReSprout,0.972107886,Mod,TRUE,
MC,Merch,Hardwood Resprout Rate of fire-killed stems,HW.ReSprout,0.972107886,High,TRUE,
PM,Merch,Hardwood Resprout Rate of fire-killed stems,HW.ReSprout,0.385403767,Low,TRUE,
PM,Merch,Hardwood Resprout Rate of fire-killed stems,HW.ReSprout,0.385403767,Mod,TRUE,
PM,Merch,Hardwood Resprout Rate of fire-killed stems,HW.ReSprout,0.385403767,High,TRUE,
P,Merch,Hardwood Resprout Rate of fire-killed stems,HW.ReSprout,0.989075509,Low,TRUE,
P,Merch,Hardwood Resprout Rate of fire-killed stems,HW.ReSprout,0.989075509,Mod,TRUE,
P,Merch,Hardwood Resprout Rate of fire-killed stems,HW.ReSprout,0.989075509,High,TRUE,
TC,Merch,Hardwood Resprout Rate of fire-killed stems,HW.ReSprout,0.265295119,Low,TRUE,
TC,Merch,Hardwood Resprout Rate of fire-killed stems,HW.ReSprout,0.265295119,Mod,TRUE,
TC,Merch,Hardwood Resprout Rate of fire-killed stems,HW.ReSprout,0.265295119,High,TRUE,
TP,Merch,Hardwood Resprout Rate of fire-killed stems,HW.ReSprout,0.745155911,Low,TRUE,
TP,Merch,Hardwood Resprout Rate of fire-killed stems,HW.ReSprout,0.745155911,Mod,TRUE,
TP,Merch,Hardwood Resprout Rate of fire-killed stems,HW.ReSprout,0.745155911,High,TRUE,
TSE,Merch,Hardwood Resprout Rate of fire-killed stems,HW.ReSprout,0.78243214,Low,TRUE,
TSE,Merch,Hardwood Resprout Rate of fire-killed stems,HW.ReSprout,0.78243214,Mod,TRUE,
TSE,Merch,Hardwood Resprout Rate of fire-killed stems,HW.ReSprout,0.78243214,High,TRUE,
TSW,Merch,Hardwood Resprout Rate of fire-killed stems,HW.ReSprout,0.940198355,Low,TRUE,
TSW,Merch,Hardwood Resprout Rate of fire-killed stems,HW.ReSprout,0.940198355,Mod,TRUE,
TSW,Merch,Hardwood Resprout Rate of fire-killed stems,HW.ReSprout,0.940198355,High,TRUE,
AM,Merch,Mortality Rate of Hardwood Merch,HW.Mort,0.84,Low,FALSE,Taken from Boreal Plain for all DMs
AM,Merch,Mortality Rate of Hardwood Merch,HW.Mort,0.89,Mod,FALSE,Taken from Boreal Plain for all DMs
AM,Merch,Mortality Rate of Hardwood Merch,HW.Mort,1,High,FALSE,
BC,Merch,Mortality Rate of Hardwood Merch,HW.Mort,0.84,Low,FALSE,Taken from Boreal Plain for all DMS
BC,Merch,Mortality Rate of Hardwood Merch,HW.Mort,0.89,Mod,FALSE,Taken from Boreal Plain for all DMS
BC,Merch,Mortality Rate of Hardwood Merch,HW.Mort,1,High,FALSE,
BP,Merch,Mortality Rate of Hardwood Merch,HW.Mort,0.84,Low,FALSE,
BP,Merch,Mortality Rate of Hardwood Merch,HW.Mort,0.89,Mod,FALSE,
BP,Merch,Mortality Rate of Hardwood Merch,HW.Mort,1,High,FALSE,
BSW,Merch,Mortality Rate of Hardwood Merch,HW.Mort,0.84,Low,FALSE,
BSW,Merch,Mortality Rate of Hardwood Merch,HW.Mort,0.89,Mod,FALSE,
BSW,Merch,Mortality Rate of Hardwood Merch,HW.Mort,1,High,FALSE,
BSE,Merch,Mortality Rate of Hardwood Merch,HW.Mort,0.84,Low,FALSE,
BSE,Merch,Mortality Rate of Hardwood Merch,HW.Mort,0.89,Mod,FALSE,
BSE,Merch,Mortality Rate of Hardwood Merch,HW.Mort,1,High,FALSE,
HP,Merch,Mortality Rate of Hardwood Merch,HW.Mort,0.84,Low,FALSE,
HP,Merch,Mortality Rate of Hardwood Merch,HW.Mort,0.89,Mod,FALSE,
HP,Merch,Mortality Rate of Hardwood Merch,HW.Mort,1,High,FALSE,
MP,Merch,Mortality Rate of Hardwood Merch,HW.Mort,0.84,Low,FALSE,
MP,Merch,Mortality Rate of Hardwood Merch,HW.Mort,0.89,Mod,FALSE,
MP,Merch,Mortality Rate of Hardwood Merch,HW.Mort,1,High,FALSE,
MC,Merch,Mortality Rate of Hardwood Merch,HW.Mort,0.84,Low,FALSE,
MC,Merch,Mortality Rate of Hardwood Merch,HW.Mort,0.89,Mod,FALSE,
MC,Merch,Mortality Rate of Hardwood Merch,HW.Mort,1,High,FALSE,
PM,Merch,Mortality Rate of Hardwood Merch,HW.Mort,0.84,Low,FALSE,
PM,Merch,Mortality Rate of Hardwood Merch,HW.Mort,0.89,Mod,FALSE,
PM,Merch,Mortality Rate of Hardwood Merch,HW.Mort,1,High,FALSE,
P,Merch,Mortality Rate of Hardwood Merch,HW.Mort,0.84,Low,FALSE,
P,Merch,Mortality Rate of Hardwood Merch,HW.Mort,0.89,Mod,FALSE,
P,Merch,Mortality Rate of Hardwood Merch,HW.Mort,1,High,FALSE,
TC,Merch,Mortality Rate of Hardwood Merch,HW.Mort,0.84,Low,FALSE,
TC,Merch,Mortality Rate of Hardwood Merch,HW.Mort,0.89,Mod,FALSE,
TC,Merch,Mortality Rate of Hardwood Merch,HW.Mort,1,High,FALSE,
TP,Merch,Mortality Rate of Hardwood Merch,HW.Mort,0.84,Low,FALSE,
TP,Merch,Mortality Rate of Hardwood Merch,HW.Mort,0.89,Mod,FALSE,
TP,Merch,Mortality Rate of Hardwood Merch,HW.Mort,1,High,FALSE,
TSE,Merch,Mortality Rate of Hardwood Merch,HW.Mort,0.25,Low,TRUE,
TSE,Merch,Mortality Rate of Hardwood Merch,HW.Mort,0.89,Mod,FALSE,
TSE,Merch,Mortality Rate of Hardwood Merch,HW.Mort,1,High,FALSE,
TSW,Merch,Mortality Rate of Hardwood Merch,HW.Mort,0.25,Low,TRUE,
TSW,Merch,Mortality Rate of Hardwood Merch,HW.Mort,0.89,Mod,FALSE,
TSW,Merch,Mortality Rate of Hardwood Merch,HW.Mort,1,High,FALSE,
AM,Merch,Mortality Rate of Softwood Merch,SW.Mort,0.28,Low,FALSE,
AM,Merch,Mortality Rate of Softwood Merch,SW.Mort,0.34,Mod,FALSE,
AM,Merch,Mortality Rate of Softwood Merch,SW.Mort,0.95,High,FALSE,
BC,Merch,Mortality Rate of Softwood Merch,SW.Mort,0.24,Low,FALSE,
BC,Merch,Mortality Rate of Softwood Merch,SW.Mort,0.65,Mod,FALSE,
BC,Merch,Mortality Rate of Softwood Merch,SW.Mort,0.98,High,FALSE,
BP,Merch,Mortality Rate of Softwood Merch,SW.Mort,0.45,Low,FALSE,
BP,Merch,Mortality Rate of Softwood Merch,SW.Mort,0.81,Mod,FALSE,
BP,Merch,Mortality Rate of Softwood Merch,SW.Mort,1,High,FALSE,
BSW,Merch,Mortality Rate of Softwood Merch,SW.Mort,0.45,Low,FALSE,
BSW,Merch,Mortality Rate of Softwood Merch,SW.Mort,0.81,Mod,FALSE,
BSW,Merch,Mortality Rate of Softwood Merch,SW.Mort,1,High,FALSE,
BSE,Merch,Mortality Rate of Softwood Merch,SW.Mort,0.45,Low,FALSE,
BSE,Merch,Mortality Rate of Softwood Merch,SW.Mort,0.81,Mod,FALSE,
BSE,Merch,Mortality Rate of Softwood Merch,SW.Mort,1,High,FALSE,
HP,Merch,Mortality Rate of Softwood Merch,SW.Mort,0.45,Low,FALSE,
HP,Merch,Mortality Rate of Softwood Merch,SW.Mort,0.81,Mod,FALSE,
HP,Merch,Mortality Rate of Softwood Merch,SW.Mort,1,High,FALSE,
MP,Merch,Mortality Rate of Softwood Merch,SW.Mort,0.28,Low,FALSE,
MP,Merch,Mortality Rate of Softwood Merch,SW.Mort,0.34,Mod,FALSE,
MP,Merch,Mortality Rate of Softwood Merch,SW.Mort,0.95,High,FALSE,
MC,Merch,Mortality Rate of Softwood Merch,SW.Mort,0.28,Low,FALSE,
MC,Merch,Mortality Rate of Softwood Merch,SW.Mort,0.74,Mod,FALSE,
MC,Merch,Mortality Rate of Softwood Merch,SW.Mort,0.98,High,FALSE,
PM,Merch,Mortality Rate of Softwood Merch,SW.Mort,0.13,Low,FALSE,
PM,Merch,Mortality Rate of Softwood Merch,SW.Mort,0.38,Mod,FALSE,
PM,Merch,Mortality Rate of Softwood Merch,SW.Mort,0.97,High,FALSE,
P,Merch,Mortality Rate of Softwood Merch,SW.Mort,0.45,Low,FALSE,
P,Merch,Mortality Rate of Softwood Merch,SW.Mort,0.81,Mod,FALSE,
P,Merch,Mortality Rate of Softwood Merch,SW.Mort,1,High,FALSE,
TC,Merch,Mortality Rate of Softwood Merch,SW.Mort,0.24,Low,FALSE,
TC,Merch,Mortality Rate of Softwood Merch,SW.Mort,0.65,Mod,FALSE,
TC,Merch,Mortality Rate of Softwood Merch,SW.Mort,0.98,High,FALSE,
TP,Merch,Mortality Rate of Softwood Merch,SW.Mort,0.45,Low,FALSE,
TP,Merch,Mortality Rate of Softwood Merch,SW.Mort,0.81,Mod,FALSE,
TP,Merch,Mortality Rate of Softwood Merch,SW.Mort,1,High,FALSE,
TSE,Merch,Mortality Rate of Softwood Merch,SW.Mort,0.1,Low,TRUE,
TSE,Merch,Mortality Rate of Softwood Merch,SW.Mort,0.81,Mod,FALSE,
TSE,Merch,Mortality Rate of Softwood Merch,SW.Mort,1,High,FALSE,
TSW,Merch,Mortality Rate of Softwood Merch,SW.Mort,0.1,Low,TRUE,
TSW,Merch,Mortality Rate of Softwood Merch,SW.Mort,0.81,Mod,FALSE,
TSW,Merch,Mortality Rate of Softwood Merch,SW.Mort,1,High,FALSE,
AM,Merch,Softwood Crown Fraction Burned,SW.CFB,0,Low,FALSE,Avg condition is live tree with 5-50% brown needles
AM,Merch,Softwood Crown Fraction Burned,SW.CFB,0.34,Mod,FALSE,Avg condition is live tree with >50% brown needles
AM,Merch,Softwood Crown Fraction Burned,SW.CFB,0.95,High,FALSE,
BC,Merch,Softwood Crown Fraction Burned,SW.CFB,0,Low,FALSE,Avg condition is live tree with <25 % brown needles
BC,Merch,Softwood Crown Fraction Burned,SW.CFB,0.65,Mod,FALSE,Avg condition is dead tree with <50% of needles retained
BC,Merch,Softwood Crown Fraction Burned,SW.CFB,0.98,High,FALSE,
BP,Merch,Softwood Crown Fraction Burned,SW.CFB,0,Low,FALSE,
BP,Merch,Softwood Crown Fraction Burned,SW.CFB,0.81,Mod,FALSE,
BP,Merch,Softwood Crown Fraction Burned,SW.CFB,1,High,FALSE,
BSW,Merch,Softwood Crown Fraction Burned,SW.CFB,0,Low,FALSE,
BSW,Merch,Softwood Crown Fraction Burned,SW.CFB,0.81,Mod,FALSE,
BSW,Merch,Softwood Crown Fraction Burned,SW.CFB,1,High,FALSE,
BSE,Merch,Softwood Crown Fraction Burned,SW.CFB,0,Low,FALSE,
BSE,Merch,Softwood Crown Fraction Burned,SW.CFB,0.81,Mod,FALSE,
BSE,Merch,Softwood Crown Fraction Burned,SW.CFB,1,High,FALSE,
HP,Merch,Softwood Crown Fraction Burned,SW.CFB,0,Low,FALSE,
HP,Merch,Softwood Crown Fraction Burned,SW.CFB,0.81,Mod,FALSE,
HP,Merch,Softwood Crown Fraction Burned,SW.CFB,1,High,FALSE,
MP,Merch,Softwood Crown Fraction Burned,SW.CFB,0,Low,FALSE,
MP,Merch,Softwood Crown Fraction Burned,SW.CFB,0.34,Mod,FALSE,
MP,Merch,Softwood Crown Fraction Burned,SW.CFB,0.95,High,FALSE,
MC,Merch,Softwood Crown Fraction Burned,SW.CFB,0,Low,FALSE,
MC,Merch,Softwood Crown Fraction Burned,SW.CFB,0.74,Mod,FALSE,
MC,Merch,Softwood Crown Fraction Burned,SW.CFB,1,High,FALSE,
PM,Merch,Softwood Crown Fraction Burned,SW.CFB,0,Low,FALSE,
PM,Merch,Softwood Crown Fraction Burned,SW.CFB,0.38,Mod,FALSE,
PM,Merch,Softwood Crown Fraction Burned,SW.CFB,0.97,High,FALSE,
P,Merch,Softwood Crown Fraction Burned,SW.CFB,0,Low,FALSE,
P,Merch,Softwood Crown Fraction Burned,SW.CFB,0.81,Mod,FALSE,
P,Merch,Softwood Crown Fraction Burned,SW.CFB,1,High,FALSE,
TC,Merch,Softwood Crown Fraction Burned,SW.CFB,0,Low,FALSE,
TC,Merch,Softwood Crown Fraction Burned,SW.CFB,0.65,Mod,FALSE,
TC,Merch,Softwood Crown Fraction Burned,SW.CFB,1,High,FALSE,
TP,Merch,Softwood Crown Fraction Burned,SW.CFB,0,Low,FALSE,
TP,Merch,Softwood Crown Fraction Burned,SW.CFB,0.81,Mod,FALSE,
TP,Merch,Softwood Crown Fraction Burned,SW.CFB,1,High,FALSE,
TSE,Merch,Softwood Crown Fraction Burned,SW.CFB,0.1,Low,TRUE,
TSE,Merch,Softwood Crown Fraction Burned,SW.CFB,0.81,Mod,FALSE,
TSE,Merch,Softwood Crown Fraction Burned,SW.CFB,1,High,FALSE,
TSW,Merch,Softwood Crown Fraction Burned,SW.CFB,0.1,Low,TRUE,
TSW,Merch,Softwood Crown Fraction Burned,SW.CFB,0.81,Mod,FALSE,
TSW,Merch,Softwood Crown Fraction Burned,SW.CFB,1,High,FALSE,
AM,Other,"Hardwood Submerch trees as portion of ""other"" pool",HW.submerch.frac.of.other,0.4,NA,TRUE,"note: updates as of 2024-06-17 now have submerch trees within the other pool, adjusted approximate allocations of the ""other"" pool accordingly"
BC,Other,"Hardwood Submerch trees as portion of ""other"" pool",HW.submerch.frac.of.other,0.4,NA,TRUE,
BP,Other,"Hardwood Submerch trees as portion of ""other"" pool",HW.submerch.frac.of.other,0.4,NA,TRUE,
BSW,Other,"Hardwood Submerch trees as portion of ""other"" pool",HW.submerch.frac.of.other,0.4,NA,TRUE,
BSE,Other,"Hardwood Submerch trees as portion of ""other"" pool",HW.submerch.frac.of.other,0.4,NA,TRUE,
HP,Other,"Hardwood Submerch trees as portion of ""other"" pool",HW.submerch.frac.of.other,0.4,NA,TRUE,
MP,Other,"Hardwood Submerch trees as portion of ""other"" pool",HW.submerch.frac.of.other,0.4,NA,TRUE,
MC,Other,"Hardwood Submerch trees as portion of ""other"" pool",HW.submerch.frac.of.other,0.4,NA,TRUE,
PM,Other,"Hardwood Submerch trees as portion of ""other"" pool",HW.submerch.frac.of.other,0.4,NA,TRUE,
P,Other,"Hardwood Submerch trees as portion of ""other"" pool",HW.submerch.frac.of.other,0.4,NA,TRUE,
TC,Other,"Hardwood Submerch trees as portion of ""other"" pool",HW.submerch.frac.of.other,0.4,NA,TRUE,
TP,Other,"Hardwood Submerch trees as portion of ""other"" pool",HW.submerch.frac.of.other,0.4,NA,TRUE,
TSE,Other,"Hardwood Submerch trees as portion of ""other"" pool",HW.submerch.frac.of.other,0.4,NA,TRUE,
TSW,Other,"Hardwood Submerch trees as portion of ""other"" pool",HW.submerch.frac.of.other,0.4,NA,TRUE,
AM,Other,"Hardwood Bark as portion of ""other"" pool",HW.bark.frac.of.other,0.1,NA,TRUE,
BC,Other,"Hardwood Bark as portion of ""other"" pool",HW.bark.frac.of.other,0.1,NA,TRUE,
BP,Other,"Hardwood Bark as portion of ""other"" pool",HW.bark.frac.of.other,0.1,NA,TRUE,
BSW,Other,"Hardwood Bark as portion of ""other"" pool",HW.bark.frac.of.other,0.1,NA,TRUE,
BSE,Other,"Hardwood Bark as portion of ""other"" pool",HW.bark.frac.of.other,0.1,NA,TRUE,
HP,Other,"Hardwood Bark as portion of ""other"" pool",HW.bark.frac.of.other,0.1,NA,TRUE,
MP,Other,"Hardwood Bark as portion of ""other"" pool",HW.bark.frac.of.other,0.1,NA,TRUE,
MC,Other,"Hardwood Bark as portion of ""other"" pool",HW.bark.frac.of.other,0.1,NA,TRUE,
PM,Other,"Hardwood Bark as portion of ""other"" pool",HW.bark.frac.of.other,0.1,NA,TRUE,
P,Other,"Hardwood Bark as portion of ""other"" pool",HW.bark.frac.of.other,0.1,NA,TRUE,
TC,Other,"Hardwood Bark as portion of ""other"" pool",HW.bark.frac.of.other,0.1,NA,TRUE,
TP,Other,"Hardwood Bark as portion of ""other"" pool",HW.bark.frac.of.other,0.1,NA,TRUE,
TSE,Other,"Hardwood Bark as portion of ""other"" pool",HW.bark.frac.of.other,0.1,NA,TRUE,
TSW,Other,"Hardwood Bark as portion of ""other"" pool",HW.bark.frac.of.other,0.1,NA,TRUE,
AM,Other,"Hardwood branchwood as portion of total ""other"" pool",HW.BW.frac.of.other,0.2,NA,TRUE,
BC,Other,"Hardwood branchwood as portion of total ""other"" pool",HW.BW.frac.of.other,0.2,NA,TRUE,
BP,Other,"Hardwood branchwood as portion of total ""other"" pool",HW.BW.frac.of.other,0.2,NA,TRUE,
BSW,Other,"Hardwood branchwood as portion of total ""other"" pool",HW.BW.frac.of.other,0.2,NA,TRUE,
BSE,Other,"Hardwood branchwood as portion of total ""other"" pool",HW.BW.frac.of.other,0.2,NA,TRUE,
HP,Other,"Hardwood branchwood as portion of total ""other"" pool",HW.BW.frac.of.other,0.2,NA,TRUE,
MP,Other,"Hardwood branchwood as portion of total ""other"" pool",HW.BW.frac.of.other,0.2,NA,TRUE,
MC,Other,"Hardwood branchwood as portion of total ""other"" pool",HW.BW.frac.of.other,0.2,NA,TRUE,
PM,Other,"Hardwood branchwood as portion of total ""other"" pool",HW.BW.frac.of.other,0.2,NA,TRUE,
P,Other,"Hardwood branchwood as portion of total ""other"" pool",HW.BW.frac.of.other,0.2,NA,TRUE,
TC,Other,"Hardwood branchwood as portion of total ""other"" pool",HW.BW.frac.of.other,0.2,NA,TRUE,
TP,Other,"Hardwood branchwood as portion of total ""other"" pool",HW.BW.frac.of.other,0.2,NA,TRUE,
TSE,Other,"Hardwood branchwood as portion of total ""other"" pool",HW.BW.frac.of.other,0.2,NA,TRUE,
TSW,Other,"Hardwood branchwood as portion of total ""other"" pool",HW.BW.frac.of.other,0.2,NA,TRUE,
AM,Other,Hardwood small trees as portion of other pool,HW.SmTree.frac.of.other,0.2,NA,TRUE,
BC,Other,Hardwood small trees as portion of other pool,HW.SmTree.frac.of.other,0.2,NA,TRUE,
BP,Other,Hardwood small trees as portion of other pool,HW.SmTree.frac.of.other,0.2,NA,TRUE,
BSW,Other,Hardwood small trees as portion of other pool,HW.SmTree.frac.of.other,0.2,NA,TRUE,
BSE,Other,Hardwood small trees as portion of other pool,HW.SmTree.frac.of.other,0.2,NA,TRUE,
HP,Other,Hardwood small trees as portion of other pool,HW.SmTree.frac.of.other,0.2,NA,TRUE,
MP,Other,Hardwood small trees as portion of other pool,HW.SmTree.frac.of.other,0.2,NA,TRUE,
MC,Other,Hardwood small trees as portion of other pool,HW.SmTree.frac.of.other,0.2,NA,TRUE,
PM,Other,Hardwood small trees as portion of other pool,HW.SmTree.frac.of.other,0.2,NA,TRUE,
P,Other,Hardwood small trees as portion of other pool,HW.SmTree.frac.of.other,0.2,NA,TRUE,
TC,Other,Hardwood small trees as portion of other pool,HW.SmTree.frac.of.other,0.2,NA,TRUE,
TP,Other,Hardwood small trees as portion of other pool,HW.SmTree.frac.of.other,0.2,NA,TRUE,
TSE,Other,Hardwood small trees as portion of other pool,HW.SmTree.frac.of.other,0.2,NA,TRUE,
TSW,Other,Hardwood small trees as portion of other pool,HW.SmTree.frac.of.other,0.2,NA,TRUE,
AM,Other,"Hardwood stumps as portion of ""other"" pool",HW.stumps.frac.of.other,0.1,NA,TRUE,
BC,Other,"Hardwood stumps as portion of ""other"" pool",HW.stumps.frac.of.other,0.1,NA,TRUE,
BP,Other,"Hardwood stumps as portion of ""other"" pool",HW.stumps.frac.of.other,0.1,NA,TRUE,
BSW,Other,"Hardwood stumps as portion of ""other"" pool",HW.stumps.frac.of.other,0.1,NA,TRUE,
BSE,Other,"Hardwood stumps as portion of ""other"" pool",HW.stumps.frac.of.other,0.1,NA,TRUE,
HP,Other,"Hardwood stumps as portion of ""other"" pool",HW.stumps.frac.of.other,0.1,NA,TRUE,
MP,Other,"Hardwood stumps as portion of ""other"" pool",HW.stumps.frac.of.other,0.1,NA,TRUE,
MC,Other,"Hardwood stumps as portion of ""other"" pool",HW.stumps.frac.of.other,0.1,NA,TRUE,
PM,Other,"Hardwood stumps as portion of ""other"" pool",HW.stumps.frac.of.other,0.1,NA,TRUE,
P,Other,"Hardwood stumps as portion of ""other"" pool",HW.stumps.frac.of.other,0.1,NA,TRUE,
TC,Other,"Hardwood stumps as portion of ""other"" pool",HW.stumps.frac.of.other,0.1,NA,TRUE,
TP,Other,"Hardwood stumps as portion of ""other"" pool",HW.stumps.frac.of.other,0.1,NA,TRUE,
TSE,Other,"Hardwood stumps as portion of ""other"" pool",HW.stumps.frac.of.other,0.1,NA,TRUE,
TSW,Other,"Hardwood stumps as portion of ""other"" pool",HW.stumps.frac.of.other,0.1,NA,TRUE,
AM,Other,Mortality of small trees in severity class (height <1.3m),SmTree.Mort,1,Low,TRUE,
AM,Other,Mortality of small trees in severity class (height <1.3m),SmTree.Mort,1,Mod,TRUE,
AM,Other,Mortality of small trees in severity class (height <1.3m),SmTree.Mort,1,High,TRUE,
BC,Other,Mortality of small trees in severity class (height <1.3m),SmTree.Mort,1,Low,TRUE,
BC,Other,Mortality of small trees in severity class (height <1.3m),SmTree.Mort,1,Mod,TRUE,
BC,Other,Mortality of small trees in severity class (height <1.3m),SmTree.Mort,1,High,TRUE,
BP,Other,Mortality of small trees in severity class (height <1.3m),SmTree.Mort,1,Low,TRUE,
BP,Other,Mortality of small trees in severity class (height <1.3m),SmTree.Mort,1,Mod,TRUE,
BP,Other,Mortality of small trees in severity class (height <1.3m),SmTree.Mort,1,High,TRUE,
BSW,Other,Mortality of small trees in severity class (height <1.3m),SmTree.Mort,1,Low,TRUE,
BSW,Other,Mortality of small trees in severity class (height <1.3m),SmTree.Mort,1,Mod,TRUE,
BSW,Other,Mortality of small trees in severity class (height <1.3m),SmTree.Mort,1,High,TRUE,
BSE,Other,Mortality of small trees in severity class (height <1.3m),SmTree.Mort,1,Low,TRUE,
BSE,Other,Mortality of small trees in severity class (height <1.3m),SmTree.Mort,1,Mod,TRUE,
BSE,Other,Mortality of small trees in severity class (height <1.3m),SmTree.Mort,1,High,TRUE,
HP,Other,Mortality of small trees in severity class (height <1.3m),SmTree.Mort,1,Low,TRUE,
HP,Other,Mortality of small trees in severity class (height <1.3m),SmTree.Mort,1,Mod,TRUE,
HP,Other,Mortality of small trees in severity class (height <1.3m),SmTree.Mort,1,High,TRUE,
MP,Other,Mortality of small trees in severity class (height <1.3m),SmTree.Mort,1,Low,TRUE,
MP,Other,Mortality of small trees in severity class (height <1.3m),SmTree.Mort,1,Mod,TRUE,
MP,Other,Mortality of small trees in severity class (height <1.3m),SmTree.Mort,1,High,TRUE,
MC,Other,Mortality of small trees in severity class (height <1.3m),SmTree.Mort,1,Low,TRUE,
MC,Other,Mortality of small trees in severity class (height <1.3m),SmTree.Mort,1,Mod,TRUE,
MC,Other,Mortality of small trees in severity class (height <1.3m),SmTree.Mort,1,High,TRUE,
PM,Other,Mortality of small trees in severity class (height <1.3m),SmTree.Mort,1,Low,TRUE,
PM,Other,Mortality of small trees in severity class (height <1.3m),SmTree.Mort,1,Mod,TRUE,
PM,Other,Mortality of small trees in severity class (height <1.3m),SmTree.Mort,1,High,TRUE,
P,Other,Mortality of small trees in severity class (height <1.3m),SmTree.Mort,1,Low,TRUE,
P,Other,Mortality of small trees in severity class (height <1.3m),SmTree.Mort,1,Mod,TRUE,
P,Other,Mortality of small trees in severity class (height <1.3m),SmTree.Mort,1,High,TRUE,
TC,Other,Mortality of small trees in severity class (height <1.3m),SmTree.Mort,1,Low,TRUE,
TC,Other,Mortality of small trees in severity class (height <1.3m),SmTree.Mort,1,Mod,TRUE,
TC,Other,Mortality of small trees in severity class (height <1.3m),SmTree.Mort,1,High,TRUE,
TP,Other,Mortality of small trees in severity class (height <1.3m),SmTree.Mort,1,Low,TRUE,
TP,Other,Mortality of small trees in severity class (height <1.3m),SmTree.Mort,1,Mod,TRUE,
TP,Other,Mortality of small trees in severity class (height <1.3m),SmTree.Mort,1,High,TRUE,
TSE,Other,Mortality of small trees in severity class (height <1.3m),SmTree.Mort,1,Low,TRUE,
TSE,Other,Mortality of small trees in severity class (height <1.3m),SmTree.Mort,1,Mod,TRUE,
TSE,Other,Mortality of small trees in severity class (height <1.3m),SmTree.Mort,1,High,TRUE,
TSW,Other,Mortality of small trees in severity class (height <1.3m),SmTree.Mort,1,Low,TRUE,
TSW,Other,Mortality of small trees in severity class (height <1.3m),SmTree.Mort,1,Mod,TRUE,
TSW,Other,Mortality of small trees in severity class (height <1.3m),SmTree.Mort,1,High,TRUE,
AM,Other,Portion of bark pool consumed in fire,Bark.Comb.Frac,0.01,Low,TRUE,
AM,Other,Portion of bark pool consumed in fire,Bark.Comb.Frac,0.17,Mod,TRUE,
AM,Other,Portion of bark pool consumed in fire,Bark.Comb.Frac,0.34,High,TRUE,
BC,Other,Portion of bark pool consumed in fire,Bark.Comb.Frac,0.01,Low,TRUE,
BC,Other,Portion of bark pool consumed in fire,Bark.Comb.Frac,0.17,Mod,TRUE,
BC,Other,Portion of bark pool consumed in fire,Bark.Comb.Frac,0.34,High,TRUE,
BP,Other,Portion of bark pool consumed in fire,Bark.Comb.Frac,0.01,Low,TRUE,Same as mortality rate
BP,Other,Portion of bark pool consumed in fire,Bark.Comb.Frac,0.17,Mod,TRUE,
BP,Other,Portion of bark pool consumed in fire,Bark.Comb.Frac,0.34,High,TRUE,
BSW,Other,Portion of bark pool consumed in fire,Bark.Comb.Frac,0.01,Low,TRUE,"I made these the same as mortality for this class, with the assumption that trees would girdle before burning the crown"
BSW,Other,Portion of bark pool consumed in fire,Bark.Comb.Frac,0.17,Mod,TRUE,
BSW,Other,Portion of bark pool consumed in fire,Bark.Comb.Frac,0.34,High,TRUE,
BSE,Other,Portion of bark pool consumed in fire,Bark.Comb.Frac,0.01,Low,TRUE,"I made these the same as mortality for this class, with the assumption that trees would girdle before burning the crown"
BSE,Other,Portion of bark pool consumed in fire,Bark.Comb.Frac,0.17,Mod,TRUE,
BSE,Other,Portion of bark pool consumed in fire,Bark.Comb.Frac,0.34,High,TRUE,
HP,Other,Portion of bark pool consumed in fire,Bark.Comb.Frac,0.01,Low,TRUE,"I made these the same as mortality for this class, with the assumption that trees would girdle before burning the crown"
HP,Other,Portion of bark pool consumed in fire,Bark.Comb.Frac,0.17,Mod,TRUE,
HP,Other,Portion of bark pool consumed in fire,Bark.Comb.Frac,0.34,High,TRUE,
MP,Other,Portion of bark pool consumed in fire,Bark.Comb.Frac,0.01,Low,TRUE,Avg condition is live tree with >50% brown needles
MP,Other,Portion of bark pool consumed in fire,Bark.Comb.Frac,0.17,Mod,TRUE,
MP,Other,Portion of bark pool consumed in fire,Bark.Comb.Frac,0.34,High,TRUE,
MC,Other,Portion of bark pool consumed in fire,Bark.Comb.Frac,0.01,Low,TRUE,Avg condition is a dead tree with scorched needles but basically no combustion of needles/charring. Char height is 5.8 m in a 14m stand
MC,Other,Portion of bark pool consumed in fire,Bark.Comb.Frac,0.17,Mod,TRUE,Can this be higher than %Mort? I think yes.
MC,Other,Portion of bark pool consumed in fire,Bark.Comb.Frac,0.34,High,TRUE,
PM,Other,Portion of bark pool consumed in fire,Bark.Comb.Frac,0.01,Low,TRUE,"Average condition is a live trees, but with great than 50% of needles scorched. 48% of live canopy lost."
PM,Other,Portion of bark pool consumed in fire,Bark.Comb.Frac,0.01,Mod,TRUE,
PM,Other,Portion of bark pool consumed in fire,Bark.Comb.Frac,0.17,High,TRUE,
P,Other,Portion of bark pool consumed in fire,Bark.Comb.Frac,0.01,Low,TRUE,Same as mortality rate
P,Other,Portion of bark pool consumed in fire,Bark.Comb.Frac,0.17,Mod,TRUE,
P,Other,Portion of bark pool consumed in fire,Bark.Comb.Frac,0.34,High,TRUE,
TC,Other,Portion of bark pool consumed in fire,Bark.Comb.Frac,0.01,Low,TRUE,Avg condition is dead tree with <50% of needles retained
TC,Other,Portion of bark pool consumed in fire,Bark.Comb.Frac,0.17,Mod,TRUE,
TC,Other,Portion of bark pool consumed in fire,Bark.Comb.Frac,0.34,High,TRUE,
TP,Other,Portion of bark pool consumed in fire,Bark.Comb.Frac,0.01,Low,TRUE,
TP,Other,Portion of bark pool consumed in fire,Bark.Comb.Frac,0.17,Mod,TRUE,
TP,Other,Portion of bark pool consumed in fire,Bark.Comb.Frac,0.34,High,TRUE,
TSE,Other,Portion of bark pool consumed in fire,Bark.Comb.Frac,0.01,Low,TRUE,"I made these the same as mortality for this class, with the assumption that trees would girdle before burning the crown"
TSE,Other,Portion of bark pool consumed in fire,Bark.Comb.Frac,0.17,Mod,TRUE,
TSE,Other,Portion of bark pool consumed in fire,Bark.Comb.Frac,0.34,High,TRUE,
TSW,Other,Portion of bark pool consumed in fire,Bark.Comb.Frac,0.01,Low,TRUE,"I made these the same as mortality for this class, with the assumption that trees would girdle before burning the crown"
TSW,Other,Portion of bark pool consumed in fire,Bark.Comb.Frac,0.17,Mod,TRUE,
TSW,Other,Portion of bark pool consumed in fire,Bark.Comb.Frac,0.34,High,TRUE,
AM,Other,"Softwood Submerch trees as portion of ""other"" pool",SW.submerch.frac.of.other,0.4,NA,TRUE,"note: updates as of 2024-06-17 now have submerch trees within the other pool, adjusted approximate allocations of the ""other"" pool accordingly"
BC,Other,"Softwood Submerch trees as portion of ""other"" pool",SW.submerch.frac.of.other,0.4,NA,TRUE,
BP,Other,"Softwood Submerch trees as portion of ""other"" pool",SW.submerch.frac.of.other,0.4,NA,TRUE,
BSW,Other,"Softwood Submerch trees as portion of ""other"" pool",SW.submerch.frac.of.other,0.4,NA,TRUE,
BSE,Other,"Softwood Submerch trees as portion of ""other"" pool",SW.submerch.frac.of.other,0.4,NA,TRUE,
HP,Other,"Softwood Submerch trees as portion of ""other"" pool",SW.submerch.frac.of.other,0.4,NA,TRUE,
MP,Other,"Softwood Submerch trees as portion of ""other"" pool",SW.submerch.frac.of.other,0.4,NA,TRUE,
MC,Other,"Softwood Submerch trees as portion of ""other"" pool",SW.submerch.frac.of.other,0.4,NA,TRUE,
PM,Other,"Softwood Submerch trees as portion of ""other"" pool",SW.submerch.frac.of.other,0.4,NA,TRUE,
P,Other,"Softwood Submerch trees as portion of ""other"" pool",SW.submerch.frac.of.other,0.4,NA,TRUE,
TC,Other,"Softwood Submerch trees as portion of ""other"" pool",SW.submerch.frac.of.other,0.4,NA,TRUE,
TP,Other,"Softwood Submerch trees as portion of ""other"" pool",SW.submerch.frac.of.other,0.4,NA,TRUE,
TSE,Other,"Softwood Submerch trees as portion of ""other"" pool",SW.submerch.frac.of.other,0.4,NA,TRUE,
TSW,Other,"Softwood Submerch trees as portion of ""other"" pool",SW.submerch.frac.of.other,0.4,NA,TRUE,
AM,Other,"Softwood Bark as portion of ""other"" pool",SW.bark.frac.of.other,0.1,NA,TRUE,
BC,Other,"Softwood Bark as portion of ""other"" pool",SW.bark.frac.of.other,0.1,NA,TRUE,
BP,Other,"Softwood Bark as portion of ""other"" pool",SW.bark.frac.of.other,0.1,NA,TRUE,
BSW,Other,"Softwood Bark as portion of ""other"" pool",SW.bark.frac.of.other,0.1,NA,TRUE,
BSE,Other,"Softwood Bark as portion of ""other"" pool",SW.bark.frac.of.other,0.1,NA,TRUE,
HP,Other,"Softwood Bark as portion of ""other"" pool",SW.bark.frac.of.other,0.1,NA,TRUE,
MP,Other,"Softwood Bark as portion of ""other"" pool",SW.bark.frac.of.other,0.1,NA,TRUE,
MC,Other,"Softwood Bark as portion of ""other"" pool",SW.bark.frac.of.other,0.1,NA,TRUE,
PM,Other,"Softwood Bark as portion of ""other"" pool",SW.bark.frac.of.other,0.1,NA,TRUE,
P,Other,"Softwood Bark as portion of ""other"" pool",SW.bark.frac.of.other,0.1,NA,TRUE,
TC,Other,"Softwood Bark as portion of ""other"" pool",SW.bark.frac.of.other,0.1,NA,TRUE,
TP,Other,"Softwood Bark as portion of ""other"" pool",SW.bark.frac.of.other,0.1,NA,TRUE,
TSE,Other,"Softwood Bark as portion of ""other"" pool",SW.bark.frac.of.other,0.1,NA,TRUE,
TSW,Other,"Softwood Bark as portion of ""other"" pool",SW.bark.frac.of.other,0.1,NA,TRUE,
AM,Other,"Softwood branchwood as portion of total ""other"" pool",SW.BW.frac.of.other,0.2,NA,TRUE,
BC,Other,"Softwood branchwood as portion of total ""other"" pool",SW.BW.frac.of.other,0.2,NA,TRUE,
BP,Other,"Softwood branchwood as portion of total ""other"" pool",SW.BW.frac.of.other,0.2,NA,TRUE,
BSW,Other,"Softwood branchwood as portion of total ""other"" pool",SW.BW.frac.of.other,0.2,NA,TRUE,
BSE,Other,"Softwood branchwood as portion of total ""other"" pool",SW.BW.frac.of.other,0.2,NA,TRUE,
HP,Other,"Softwood branchwood as portion of total ""other"" pool",SW.BW.frac.of.other,0.2,NA,TRUE,
MP,Other,"Softwood branchwood as portion of total ""other"" pool",SW.BW.frac.of.other,0.2,NA,TRUE,
MC,Other,"Softwood branchwood as portion of total ""other"" pool",SW.BW.frac.of.other,0.2,NA,TRUE,
PM,Other,"Softwood branchwood as portion of total ""other"" pool",SW.BW.frac.of.other,0.2,NA,TRUE,
P,Other,"Softwood branchwood as portion of total ""other"" pool",SW.BW.frac.of.other,0.2,NA,TRUE,
TC,Other,"Softwood branchwood as portion of total ""other"" pool",SW.BW.frac.of.other,0.2,NA,TRUE,
TP,Other,"Softwood branchwood as portion of total ""other"" pool",SW.BW.frac.of.other,0.2,NA,TRUE,
TSE,Other,"Softwood branchwood as portion of total ""other"" pool",SW.BW.frac.of.other,0.2,NA,TRUE,
TSW,Other,"Softwood branchwood as portion of total ""other"" pool",SW.BW.frac.of.other,0.2,NA,TRUE,
AM,Other,Softwood small trees as portion of other pool,SW.SmTree.frac.of.other,0.2,NA,TRUE,
BC,Other,Softwood small trees as portion of other pool,SW.SmTree.frac.of.other,0.2,NA,TRUE,
BP,Other,Softwood small trees as portion of other pool,SW.SmTree.frac.of.other,0.2,NA,TRUE,
BSW,Other,Softwood small trees as portion of other pool,SW.SmTree.frac.of.other,0.2,NA,TRUE,
BSE,Other,Softwood small trees as portion of other pool,SW.SmTree.frac.of.other,0.2,NA,TRUE,
HP,Other,Softwood small trees as portion of other pool,SW.SmTree.frac.of.other,0.2,NA,TRUE,
MP,Other,Softwood small trees as portion of other pool,SW.SmTree.frac.of.other,0.2,NA,TRUE,
MC,Other,Softwood small trees as portion of other pool,SW.SmTree.frac.of.other,0.2,NA,TRUE,
PM,Other,Softwood small trees as portion of other pool,SW.SmTree.frac.of.other,0.2,NA,TRUE,
P,Other,Softwood small trees as portion of other pool,SW.SmTree.frac.of.other,0.2,NA,TRUE,
TC,Other,Softwood small trees as portion of other pool,SW.SmTree.frac.of.other,0.2,NA,TRUE,
TP,Other,Softwood small trees as portion of other pool,SW.SmTree.frac.of.other,0.2,NA,TRUE,
TSE,Other,Softwood small trees as portion of other pool,SW.SmTree.frac.of.other,0.2,NA,TRUE,
TSW,Other,Softwood small trees as portion of other pool,SW.SmTree.frac.of.other,0.2,NA,TRUE,
AM,Other,"Softwood stumps as portion of ""other"" pool",SW.stumps.frac.of.other,0.1,NA,TRUE,
BC,Other,"Softwood stumps as portion of ""other"" pool",SW.stumps.frac.of.other,0.1,NA,TRUE,
BP,Other,"Softwood stumps as portion of ""other"" pool",SW.stumps.frac.of.other,0.1,NA,TRUE,
BSW,Other,"Softwood stumps as portion of ""other"" pool",SW.stumps.frac.of.other,0.1,NA,TRUE,
BSE,Other,"Softwood stumps as portion of ""other"" pool",SW.stumps.frac.of.other,0.1,NA,TRUE,
HP,Other,"Softwood stumps as portion of ""other"" pool",SW.stumps.frac.of.other,0.1,NA,TRUE,
MP,Other,"Softwood stumps as portion of ""other"" pool",SW.stumps.frac.of.other,0.1,NA,TRUE,
MC,Other,"Softwood stumps as portion of ""other"" pool",SW.stumps.frac.of.other,0.1,NA,TRUE,
PM,Other,"Softwood stumps as portion of ""other"" pool",SW.stumps.frac.of.other,0.1,NA,TRUE,
P,Other,"Softwood stumps as portion of ""other"" pool",SW.stumps.frac.of.other,0.1,NA,TRUE,
TC,Other,"Softwood stumps as portion of ""other"" pool",SW.stumps.frac.of.other,0.1,NA,TRUE,
TP,Other,"Softwood stumps as portion of ""other"" pool",SW.stumps.frac.of.other,0.1,NA,TRUE,
TSE,Other,"Softwood stumps as portion of ""other"" pool",SW.stumps.frac.of.other,0.1,NA,TRUE,
TSW,Other,"Softwood stumps as portion of ""other"" pool",SW.stumps.frac.of.other,0.1,NA,TRUE,
AM,Roots,Hardwood portion of coarse roots in duff,HW.prop.Coarse.Root.duff,0.5,NA,TRUE,
BC,Roots,Hardwood portion of coarse roots in duff,HW.prop.Coarse.Root.duff,0.5,NA,TRUE,
BP,Roots,Hardwood portion of coarse roots in duff,HW.prop.Coarse.Root.duff,0.5,NA,TRUE,
BSW,Roots,Hardwood portion of coarse roots in duff,HW.prop.Coarse.Root.duff,0.5,NA,TRUE,
BSE,Roots,Hardwood portion of coarse roots in duff,HW.prop.Coarse.Root.duff,0.5,NA,TRUE,
HP,Roots,Hardwood portion of coarse roots in duff,HW.prop.Coarse.Root.duff,0.5,NA,TRUE,
MP,Roots,Hardwood portion of coarse roots in duff,HW.prop.Coarse.Root.duff,0.5,NA,TRUE,
MC,Roots,Hardwood portion of coarse roots in duff,HW.prop.Coarse.Root.duff,0.5,NA,TRUE,
PM,Roots,Hardwood portion of coarse roots in duff,HW.prop.Coarse.Root.duff,0.5,NA,TRUE,
P,Roots,Hardwood portion of coarse roots in duff,HW.prop.Coarse.Root.duff,0.5,NA,TRUE,
TC,Roots,Hardwood portion of coarse roots in duff,HW.prop.Coarse.Root.duff,0.5,NA,TRUE,
TP,Roots,Hardwood portion of coarse roots in duff,HW.prop.Coarse.Root.duff,0.5,NA,TRUE,
TSE,Roots,Hardwood portion of coarse roots in duff,HW.prop.Coarse.Root.duff,0.5,NA,TRUE,
TSW,Roots,Hardwood portion of coarse roots in duff,HW.prop.Coarse.Root.duff,0.5,NA,TRUE,
AM,Roots,Hardwood portion of fine roots in duff,HW.prop.Fine.Root.duff,0.5,NA,TRUE,
BC,Roots,Hardwood portion of fine roots in duff,HW.prop.Fine.Root.duff,0.5,NA,TRUE,
BP,Roots,Hardwood portion of fine roots in duff,HW.prop.Fine.Root.duff,0.5,NA,TRUE,
BSW,Roots,Hardwood portion of fine roots in duff,HW.prop.Fine.Root.duff,0.5,NA,TRUE,
BSE,Roots,Hardwood portion of fine roots in duff,HW.prop.Fine.Root.duff,0.5,NA,TRUE,
HP,Roots,Hardwood portion of fine roots in duff,HW.prop.Fine.Root.duff,0.5,NA,TRUE,
MP,Roots,Hardwood portion of fine roots in duff,HW.prop.Fine.Root.duff,0.5,NA,TRUE,
MC,Roots,Hardwood portion of fine roots in duff,HW.prop.Fine.Root.duff,0.5,NA,TRUE,
PM,Roots,Hardwood portion of fine roots in duff,HW.prop.Fine.Root.duff,0.5,NA,TRUE,
P,Roots,Hardwood portion of fine roots in duff,HW.prop.Fine.Root.duff,0.5,NA,TRUE,
TC,Roots,Hardwood portion of fine roots in duff,HW.prop.Fine.Root.duff,0.5,NA,TRUE,
TP,Roots,Hardwood portion of fine roots in duff,HW.prop.Fine.Root.duff,0.5,NA,TRUE,
TSE,Roots,Hardwood portion of fine roots in duff,HW.prop.Fine.Root.duff,0.5,NA,TRUE,
TSW,Roots,Hardwood portion of fine roots in duff,HW.prop.Fine.Root.duff,0.5,NA,TRUE,
AM,Roots,Softwood Portion of coarse roots in duff,SW.prop.Coarse.Root.duff,0.5,NA,TRUE,
BC,Roots,Softwood Portion of coarse roots in duff,SW.prop.Coarse.Root.duff,0.5,NA,TRUE,
BP,Roots,Softwood Portion of coarse roots in duff,SW.prop.Coarse.Root.duff,0.5,NA,TRUE,
BSW,Roots,Softwood Portion of coarse roots in duff,SW.prop.Coarse.Root.duff,0.5,NA,TRUE,
BSE,Roots,Softwood Portion of coarse roots in duff,SW.prop.Coarse.Root.duff,0.5,NA,TRUE,
HP,Roots,Softwood Portion of coarse roots in duff,SW.prop.Coarse.Root.duff,0.5,NA,TRUE,
MP,Roots,Softwood Portion of coarse roots in duff,SW.prop.Coarse.Root.duff,0.5,NA,TRUE,
MC,Roots,Softwood Portion of coarse roots in duff,SW.prop.Coarse.Root.duff,0.5,NA,TRUE,
PM,Roots,Softwood Portion of coarse roots in duff,SW.prop.Coarse.Root.duff,0.5,NA,TRUE,
P,Roots,Softwood Portion of coarse roots in duff,SW.prop.Coarse.Root.duff,0.5,NA,TRUE,
TC,Roots,Softwood Portion of coarse roots in duff,SW.prop.Coarse.Root.duff,0.5,NA,TRUE,
TP,Roots,Softwood Portion of coarse roots in duff,SW.prop.Coarse.Root.duff,0.5,NA,TRUE,
TSE,Roots,Softwood Portion of coarse roots in duff,SW.prop.Coarse.Root.duff,0.5,NA,TRUE,
TSW,Roots,Softwood Portion of coarse roots in duff,SW.prop.Coarse.Root.duff,0.5,NA,TRUE,
AM,Roots,Softwood portion of fine roots in duff,SW.prop.Fine.Root.duff,0.5,NA,TRUE,
BC,Roots,Softwood portion of fine roots in duff,SW.prop.Fine.Root.duff,0.5,NA,TRUE,
BP,Roots,Softwood portion of fine roots in duff,SW.prop.Fine.Root.duff,0.5,NA,TRUE,
BSW,Roots,Softwood portion of fine roots in duff,SW.prop.Fine.Root.duff,0.5,NA,TRUE,
BSE,Roots,Softwood portion of fine roots in duff,SW.prop.Fine.Root.duff,0.5,NA,TRUE,
HP,Roots,Softwood portion of fine roots in duff,SW.prop.Fine.Root.duff,0.5,NA,TRUE,
MP,Roots,Softwood portion of fine roots in duff,SW.prop.Fine.Root.duff,0.5,NA,TRUE,
MC,Roots,Softwood portion of fine roots in duff,SW.prop.Fine.Root.duff,0.5,NA,TRUE,
PM,Roots,Softwood portion of fine roots in duff,SW.prop.Fine.Root.duff,0.5,NA,TRUE,
P,Roots,Softwood portion of fine roots in duff,SW.prop.Fine.Root.duff,0.5,NA,TRUE,
TC,Roots,Softwood portion of fine roots in duff,SW.prop.Fine.Root.duff,0.5,NA,TRUE,
TP,Roots,Softwood portion of fine roots in duff,SW.prop.Fine.Root.duff,0.5,NA,TRUE,
TSE,Roots,Softwood portion of fine roots in duff,SW.prop.Fine.Root.duff,0.5,NA,TRUE,
TSW,Roots,Softwood portion of fine roots in duff,SW.prop.Fine.Root.duff,0.5,NA,TRUE,
AM,Snag,Hardwood Snag Branch Combustion Fraction,HW.Snag.BW.Comb.Frac,0.25,Low,TRUE,
AM,Snag,Hardwood Snag Branch Combustion Fraction,HW.Snag.BW.Comb.Frac,0.25,Mod,TRUE,
AM,Snag,Hardwood Snag Branch Combustion Fraction,HW.Snag.BW.Comb.Frac,0.25,High,TRUE,
BC,Snag,Hardwood Snag Branch Combustion Fraction,HW.Snag.BW.Comb.Frac,0.25,Low,TRUE,
BC,Snag,Hardwood Snag Branch Combustion Fraction,HW.Snag.BW.Comb.Frac,0.25,Mod,TRUE,
BC,Snag,Hardwood Snag Branch Combustion Fraction,HW.Snag.BW.Comb.Frac,0.25,High,TRUE,
BP,Snag,Hardwood Snag Branch Combustion Fraction,HW.Snag.BW.Comb.Frac,0.25,Low,TRUE,
BP,Snag,Hardwood Snag Branch Combustion Fraction,HW.Snag.BW.Comb.Frac,0.25,Mod,TRUE,
BP,Snag,Hardwood Snag Branch Combustion Fraction,HW.Snag.BW.Comb.Frac,0.25,High,TRUE,
BSW,Snag,Hardwood Snag Branch Combustion Fraction,HW.Snag.BW.Comb.Frac,0.25,Low,TRUE,
BSW,Snag,Hardwood Snag Branch Combustion Fraction,HW.Snag.BW.Comb.Frac,0.25,Mod,TRUE,
BSW,Snag,Hardwood Snag Branch Combustion Fraction,HW.Snag.BW.Comb.Frac,0.25,High,TRUE,
BSE,Snag,Hardwood Snag Branch Combustion Fraction,HW.Snag.BW.Comb.Frac,0.25,Low,TRUE,
BSE,Snag,Hardwood Snag Branch Combustion Fraction,HW.Snag.BW.Comb.Frac,0.25,Mod,TRUE,
BSE,Snag,Hardwood Snag Branch Combustion Fraction,HW.Snag.BW.Comb.Frac,0.25,High,TRUE,
HP,Snag,Hardwood Snag Branch Combustion Fraction,HW.Snag.BW.Comb.Frac,0.25,Low,TRUE,
HP,Snag,Hardwood Snag Branch Combustion Fraction,HW.Snag.BW.Comb.Frac,0.25,Mod,TRUE,
HP,Snag,Hardwood Snag Branch Combustion Fraction,HW.Snag.BW.Comb.Frac,0.25,High,TRUE,
MP,Snag,Hardwood Snag Branch Combustion Fraction,HW.Snag.BW.Comb.Frac,0.25,Low,TRUE,
MP,Snag,Hardwood Snag Branch Combustion Fraction,HW.Snag.BW.Comb.Frac,0.25,Mod,TRUE,
MP,Snag,Hardwood Snag Branch Combustion Fraction,HW.Snag.BW.Comb.Frac,0.25,High,TRUE,
MC,Snag,Hardwood Snag Branch Combustion Fraction,HW.Snag.BW.Comb.Frac,0.25,Low,TRUE,
MC,Snag,Hardwood Snag Branch Combustion Fraction,HW.Snag.BW.Comb.Frac,0.25,Mod,TRUE,
MC,Snag,Hardwood Snag Branch Combustion Fraction,HW.Snag.BW.Comb.Frac,0.25,High,TRUE,
PM,Snag,Hardwood Snag Branch Combustion Fraction,HW.Snag.BW.Comb.Frac,0.25,Low,TRUE,
PM,Snag,Hardwood Snag Branch Combustion Fraction,HW.Snag.BW.Comb.Frac,0.25,Mod,TRUE,
PM,Snag,Hardwood Snag Branch Combustion Fraction,HW.Snag.BW.Comb.Frac,0.25,High,TRUE,
P,Snag,Hardwood Snag Branch Combustion Fraction,HW.Snag.BW.Comb.Frac,0.25,Low,TRUE,
P,Snag,Hardwood Snag Branch Combustion Fraction,HW.Snag.BW.Comb.Frac,0.25,Mod,TRUE,
P,Snag,Hardwood Snag Branch Combustion Fraction,HW.Snag.BW.Comb.Frac,0.25,High,TRUE,
TC,Snag,Hardwood Snag Branch Combustion Fraction,HW.Snag.BW.Comb.Frac,0.25,Low,TRUE,
TC,Snag,Hardwood Snag Branch Combustion Fraction,HW.Snag.BW.Comb.Frac,0.25,Mod,TRUE,
TC,Snag,Hardwood Snag Branch Combustion Fraction,HW.Snag.BW.Comb.Frac,0.25,High,TRUE,
TP,Snag,Hardwood Snag Branch Combustion Fraction,HW.Snag.BW.Comb.Frac,0.25,Low,TRUE,
TP,Snag,Hardwood Snag Branch Combustion Fraction,HW.Snag.BW.Comb.Frac,0.25,Mod,TRUE,
TP,Snag,Hardwood Snag Branch Combustion Fraction,HW.Snag.BW.Comb.Frac,0.25,High,TRUE,
TSE,Snag,Hardwood Snag Branch Combustion Fraction,HW.Snag.BW.Comb.Frac,1,Low,TRUE,
TSE,Snag,Hardwood Snag Branch Combustion Fraction,HW.Snag.BW.Comb.Frac,0.25,Mod,TRUE,
TSE,Snag,Hardwood Snag Branch Combustion Fraction,HW.Snag.BW.Comb.Frac,0.25,High,TRUE,
TSW,Snag,Hardwood Snag Branch Combustion Fraction,HW.Snag.BW.Comb.Frac,1,Low,TRUE,
TSW,Snag,Hardwood Snag Branch Combustion Fraction,HW.Snag.BW.Comb.Frac,0.25,Mod,TRUE,
TSW,Snag,Hardwood Snag Branch Combustion Fraction,HW.Snag.BW.Comb.Frac,0.25,High,TRUE,
AM,Snag,Hardwood Snag Combustion Fraction,HW.Snag.Comb.Frac,0.1,Low,TRUE,
AM,Snag,Hardwood Snag Combustion Fraction,HW.Snag.Comb.Frac,0.1,Mod,TRUE,
AM,Snag,Hardwood Snag Combustion Fraction,HW.Snag.Comb.Frac,0.1,High,TRUE,
BC,Snag,Hardwood Snag Combustion Fraction,HW.Snag.Comb.Frac,0.1,Low,TRUE,
BC,Snag,Hardwood Snag Combustion Fraction,HW.Snag.Comb.Frac,0.1,Mod,TRUE,
BC,Snag,Hardwood Snag Combustion Fraction,HW.Snag.Comb.Frac,0.1,High,TRUE,Avg condition is dead tree with <5% needles
BP,Snag,Hardwood Snag Combustion Fraction,HW.Snag.Comb.Frac,0.1,Low,TRUE,
BP,Snag,Hardwood Snag Combustion Fraction,HW.Snag.Comb.Frac,0.1,Mod,TRUE,
BP,Snag,Hardwood Snag Combustion Fraction,HW.Snag.Comb.Frac,0.1,High,TRUE,
BSW,Snag,Hardwood Snag Combustion Fraction,HW.Snag.Comb.Frac,0.1,Low,TRUE,
BSW,Snag,Hardwood Snag Combustion Fraction,HW.Snag.Comb.Frac,0.1,Mod,TRUE,
BSW,Snag,Hardwood Snag Combustion Fraction,HW.Snag.Comb.Frac,0.1,High,TRUE,
BSE,Snag,Hardwood Snag Combustion Fraction,HW.Snag.Comb.Frac,0.1,Low,TRUE,
BSE,Snag,Hardwood Snag Combustion Fraction,HW.Snag.Comb.Frac,0.1,Mod,TRUE,
BSE,Snag,Hardwood Snag Combustion Fraction,HW.Snag.Comb.Frac,0.1,High,TRUE,
HP,Snag,Hardwood Snag Combustion Fraction,HW.Snag.Comb.Frac,0.1,Low,TRUE,
HP,Snag,Hardwood Snag Combustion Fraction,HW.Snag.Comb.Frac,0.1,Mod,TRUE,
HP,Snag,Hardwood Snag Combustion Fraction,HW.Snag.Comb.Frac,0.1,High,TRUE,
MP,Snag,Hardwood Snag Combustion Fraction,HW.Snag.Comb.Frac,0.1,Low,TRUE,
MP,Snag,Hardwood Snag Combustion Fraction,HW.Snag.Comb.Frac,0.1,Mod,TRUE,
MP,Snag,Hardwood Snag Combustion Fraction,HW.Snag.Comb.Frac,0.1,High,TRUE,
MC,Snag,Hardwood Snag Combustion Fraction,HW.Snag.Comb.Frac,0.1,Low,TRUE,
MC,Snag,Hardwood Snag Combustion Fraction,HW.Snag.Comb.Frac,0.1,Mod,TRUE,
MC,Snag,Hardwood Snag Combustion Fraction,HW.Snag.Comb.Frac,0.1,High,TRUE,
PM,Snag,Hardwood Snag Combustion Fraction,HW.Snag.Comb.Frac,0.1,Low,TRUE,
PM,Snag,Hardwood Snag Combustion Fraction,HW.Snag.Comb.Frac,0.1,Mod,TRUE,
PM,Snag,Hardwood Snag Combustion Fraction,HW.Snag.Comb.Frac,0.1,High,TRUE,
P,Snag,Hardwood Snag Combustion Fraction,HW.Snag.Comb.Frac,0.1,Low,TRUE,
P,Snag,Hardwood Snag Combustion Fraction,HW.Snag.Comb.Frac,0.1,Mod,TRUE,
P,Snag,Hardwood Snag Combustion Fraction,HW.Snag.Comb.Frac,0.1,High,TRUE,
TC,Snag,Hardwood Snag Combustion Fraction,HW.Snag.Comb.Frac,0.1,Low,TRUE,
TC,Snag,Hardwood Snag Combustion Fraction,HW.Snag.Comb.Frac,0.1,Mod,TRUE,
TC,Snag,Hardwood Snag Combustion Fraction,HW.Snag.Comb.Frac,0.1,High,TRUE,Avg condition is dead tree with <5% needles
TP,Snag,Hardwood Snag Combustion Fraction,HW.Snag.Comb.Frac,0.1,Low,TRUE,
TP,Snag,Hardwood Snag Combustion Fraction,HW.Snag.Comb.Frac,0.1,Mod,TRUE,
TP,Snag,Hardwood Snag Combustion Fraction,HW.Snag.Comb.Frac,0.1,High,TRUE,
TSE,Snag,Hardwood Snag Combustion Fraction,HW.Snag.Comb.Frac,0.2,Low,TRUE,
TSE,Snag,Hardwood Snag Combustion Fraction,HW.Snag.Comb.Frac,0.1,Mod,TRUE,
TSE,Snag,Hardwood Snag Combustion Fraction,HW.Snag.Comb.Frac,0.1,High,TRUE,
TSW,Snag,Hardwood Snag Combustion Fraction,HW.Snag.Comb.Frac,0.2,Low,TRUE,
TSW,Snag,Hardwood Snag Combustion Fraction,HW.Snag.Comb.Frac,0.1,Mod,TRUE,
TSW,Snag,Hardwood Snag Combustion Fraction,HW.Snag.Comb.Frac,0.1,High,TRUE,
AM,Snag,Median DBH of snags,Snag.Median.DBH,15,NA,TRUE,
BC,Snag,Median DBH of snags,Snag.Median.DBH,15,NA,TRUE,
BP,Snag,Median DBH of snags,Snag.Median.DBH,15,NA,TRUE,
BSW,Snag,Median DBH of snags,Snag.Median.DBH,15,NA,TRUE,
BSE,Snag,Median DBH of snags,Snag.Median.DBH,15,NA,TRUE,
HP,Snag,Median DBH of snags,Snag.Median.DBH,15,NA,TRUE,
MP,Snag,Median DBH of snags,Snag.Median.DBH,15,NA,TRUE,
MC,Snag,Median DBH of snags,Snag.Median.DBH,15,NA,TRUE,
PM,Snag,Median DBH of snags,Snag.Median.DBH,15,NA,TRUE,
P,Snag,Median DBH of snags,Snag.Median.DBH,15,NA,TRUE,
TC,Snag,Median DBH of snags,Snag.Median.DBH,15,NA,TRUE,
TP,Snag,Median DBH of snags,Snag.Median.DBH,15,NA,TRUE,
TSE,Snag,Median DBH of snags,Snag.Median.DBH,15,NA,TRUE,
TSW,Snag,Median DBH of snags,Snag.Median.DBH,15,NA,TRUE,
AM,Snag,Portion of snags that fall to the ground after fire (burned or not),Snag.Fall.Frac,0.5,Low,TRUE,
AM,Snag,Portion of snags that fall to the ground after fire (burned or not),Snag.Fall.Frac,1,Mod,TRUE,
AM,Snag,Portion of snags that fall to the ground after fire (burned or not),Snag.Fall.Frac,1,High,TRUE,
BC,Snag,Portion of snags that fall to the ground after fire (burned or not),Snag.Fall.Frac,0.5,Low,TRUE,
BC,Snag,Portion of snags that fall to the ground after fire (burned or not),Snag.Fall.Frac,1,Mod,TRUE,Taken from Boreal Plain for all DMS
BC,Snag,Portion of snags that fall to the ground after fire (burned or not),Snag.Fall.Frac,1,High,TRUE,Taken from Boreal Plain for all DMS
BP,Snag,Portion of snags that fall to the ground after fire (burned or not),Snag.Fall.Frac,0.5,Low,TRUE,
BP,Snag,Portion of snags that fall to the ground after fire (burned or not),Snag.Fall.Frac,1,Mod,TRUE,
BP,Snag,Portion of snags that fall to the ground after fire (burned or not),Snag.Fall.Frac,1,High,TRUE,
BSW,Snag,Portion of snags that fall to the ground after fire (burned or not),Snag.Fall.Frac,0.5,Low,TRUE,Data from Borgeau-Chavez ABoVE
BSW,Snag,Portion of snags that fall to the ground after fire (burned or not),Snag.Fall.Frac,1,Mod,TRUE,Data from Borgeau-Chavez ABoVE
BSW,Snag,Portion of snags that fall to the ground after fire (burned or not),Snag.Fall.Frac,1,High,TRUE,Data from Borgeau Chavex ABoVE
BSE,Snag,Portion of snags that fall to the ground after fire (burned or not),Snag.Fall.Frac,0.5,Low,TRUE,Data from Borgeau-Chavez ABoVE
BSE,Snag,Portion of snags that fall to the ground after fire (burned or not),Snag.Fall.Frac,1,Mod,TRUE,Data from Borgeau-Chavez ABoVE
BSE,Snag,Portion of snags that fall to the ground after fire (burned or not),Snag.Fall.Frac,1,High,TRUE,Data from Borgeau Chavex ABoVE
HP,Snag,Portion of snags that fall to the ground after fire (burned or not),Snag.Fall.Frac,0.5,Low,TRUE,Data from Borgeau-Chavez ABoVE
HP,Snag,Portion of snags that fall to the ground after fire (burned or not),Snag.Fall.Frac,1,Mod,TRUE,Data from Borgeau-Chavez ABoVE
HP,Snag,Portion of snags that fall to the ground after fire (burned or not),Snag.Fall.Frac,1,High,TRUE,Data from Borgeau-Chavez ABoVE
MP,Snag,Portion of snags that fall to the ground after fire (burned or not),Snag.Fall.Frac,0.5,Low,TRUE,Taken from Boreal Plain for all DMs
MP,Snag,Portion of snags that fall to the ground after fire (burned or not),Snag.Fall.Frac,1,Mod,TRUE,Taken from Boreal Plain for all DMs
MP,Snag,Portion of snags that fall to the ground after fire (burned or not),Snag.Fall.Frac,1,High,TRUE,Taken from Boreal Plain for all DMs
MC,Snag,Portion of snags that fall to the ground after fire (burned or not),Snag.Fall.Frac,0.5,Low,TRUE,"Taken from boreal plains for all DMs, unless otherwise specified"
MC,Snag,Portion of snags that fall to the ground after fire (burned or not),Snag.Fall.Frac,1,Mod,TRUE,"Taken from boreal plains for all DMs, unless otherwise specified"
MC,Snag,Portion of snags that fall to the ground after fire (burned or not),Snag.Fall.Frac,1,High,TRUE,"Taken from boreal plains for all DMs, unless otherwise specified"
PM,Snag,Portion of snags that fall to the ground after fire (burned or not),Snag.Fall.Frac,0.5,Low,TRUE,Taken from boreal plain for all DMs
PM,Snag,Portion of snags that fall to the ground after fire (burned or not),Snag.Fall.Frac,1,Mod,TRUE,Taken from boreal plain for all DMs
PM,Snag,Portion of snags that fall to the ground after fire (burned or not),Snag.Fall.Frac,1,High,TRUE,Taken from boreal plain for all DMs
P,Snag,Portion of snags that fall to the ground after fire (burned or not),Snag.Fall.Frac,0.5,Low,TRUE,taken from boreal plains for all DMs
P,Snag,Portion of snags that fall to the ground after fire (burned or not),Snag.Fall.Frac,1,Mod,TRUE,taken from boreal plains for all DMs
P,Snag,Portion of snags that fall to the ground after fire (burned or not),Snag.Fall.Frac,1,High,TRUE,taken from boreal plains for all DMs
TC,Snag,Portion of snags that fall to the ground after fire (burned or not),Snag.Fall.Frac,0.5,Low,TRUE,Taken from Boreal Plain for all DMS
TC,Snag,Portion of snags that fall to the ground after fire (burned or not),Snag.Fall.Frac,1,Mod,TRUE,Taken from Boreal Plain for all DMS
TC,Snag,Portion of snags that fall to the ground after fire (burned or not),Snag.Fall.Frac,1,High,TRUE,Taken from Boreal Plain for all DMS
TP,Snag,Portion of snags that fall to the ground after fire (burned or not),Snag.Fall.Frac,0.5,Low,TRUE,Whitman PhD data
TP,Snag,Portion of snags that fall to the ground after fire (burned or not),Snag.Fall.Frac,1,Mod,TRUE,Avg of Whitman PhD and Borgeau-Chavez ABoVE
TP,Snag,Portion of snags that fall to the ground after fire (burned or not),Snag.Fall.Frac,1,High,TRUE,Avg of Whitman PhD and Borgeau-Chavez ABoVE
TSE,Snag,Portion of snags that fall to the ground after fire (burned or not),Snag.Fall.Frac,0.5,Low,TRUE,Data from Borgeau-Chavez ABoVE
TSE,Snag,Portion of snags that fall to the ground after fire (burned or not),Snag.Fall.Frac,1,Mod,TRUE,Data from Borgeau-Chavez ABoVE
TSE,Snag,Portion of snags that fall to the ground after fire (burned or not),Snag.Fall.Frac,1,High,TRUE,Data from Borgeau-Chavez ABoVE
TSW,Snag,Portion of snags that fall to the ground after fire (burned or not),Snag.Fall.Frac,0.5,Low,TRUE,Data from Borgeau-Chavez ABoVE
TSW,Snag,Portion of snags that fall to the ground after fire (burned or not),Snag.Fall.Frac,1,Mod,TRUE,Data from Borgeau-Chavez ABoVE
TSW,Snag,Portion of snags that fall to the ground after fire (burned or not),Snag.Fall.Frac,1,High,TRUE,Data from Borgeau-Chavez ABoVE
AM,Snag,Softwood Snag Branch Combustion Fraction,SW.Snag.BW.Comb.Frac,0.25,Low,TRUE,
AM,Snag,Softwood Snag Branch Combustion Fraction,SW.Snag.BW.Comb.Frac,0.25,Mod,TRUE,
AM,Snag,Softwood Snag Branch Combustion Fraction,SW.Snag.BW.Comb.Frac,0.25,High,TRUE,
BC,Snag,Softwood Snag Branch Combustion Fraction,SW.Snag.BW.Comb.Frac,0.25,Low,TRUE,
BC,Snag,Softwood Snag Branch Combustion Fraction,SW.Snag.BW.Comb.Frac,0.25,Mod,TRUE,
BC,Snag,Softwood Snag Branch Combustion Fraction,SW.Snag.BW.Comb.Frac,0.25,High,TRUE,
BP,Snag,Softwood Snag Branch Combustion Fraction,SW.Snag.BW.Comb.Frac,0.25,Low,TRUE,
BP,Snag,Softwood Snag Branch Combustion Fraction,SW.Snag.BW.Comb.Frac,0.25,Mod,TRUE,
BP,Snag,Softwood Snag Branch Combustion Fraction,SW.Snag.BW.Comb.Frac,0.25,High,TRUE,
BSW,Snag,Softwood Snag Branch Combustion Fraction,SW.Snag.BW.Comb.Frac,0.25,Low,TRUE,
BSW,Snag,Softwood Snag Branch Combustion Fraction,SW.Snag.BW.Comb.Frac,0.25,Mod,TRUE,
BSW,Snag,Softwood Snag Branch Combustion Fraction,SW.Snag.BW.Comb.Frac,0.25,High,TRUE,
BSE,Snag,Softwood Snag Branch Combustion Fraction,SW.Snag.BW.Comb.Frac,0.25,Low,TRUE,
BSE,Snag,Softwood Snag Branch Combustion Fraction,SW.Snag.BW.Comb.Frac,0.25,Mod,TRUE,
BSE,Snag,Softwood Snag Branch Combustion Fraction,SW.Snag.BW.Comb.Frac,0.25,High,TRUE,
HP,Snag,Softwood Snag Branch Combustion Fraction,SW.Snag.BW.Comb.Frac,0.25,Low,TRUE,
HP,Snag,Softwood Snag Branch Combustion Fraction,SW.Snag.BW.Comb.Frac,0.25,Mod,TRUE,
HP,Snag,Softwood Snag Branch Combustion Fraction,SW.Snag.BW.Comb.Frac,0.25,High,TRUE,
MP,Snag,Softwood Snag Branch Combustion Fraction,SW.Snag.BW.Comb.Frac,0.25,Low,TRUE,
MP,Snag,Softwood Snag Branch Combustion Fraction,SW.Snag.BW.Comb.Frac,0.25,Mod,TRUE,
MP,Snag,Softwood Snag Branch Combustion Fraction,SW.Snag.BW.Comb.Frac,0.25,High,TRUE,
MC,Snag,Softwood Snag Branch Combustion Fraction,SW.Snag.BW.Comb.Frac,0.25,Low,TRUE,
MC,Snag,Softwood Snag Branch Combustion Fraction,SW.Snag.BW.Comb.Frac,0.25,Mod,TRUE,
MC,Snag,Softwood Snag Branch Combustion Fraction,SW.Snag.BW.Comb.Frac,0.25,High,TRUE,
PM,Snag,Softwood Snag Branch Combustion Fraction,SW.Snag.BW.Comb.Frac,0.25,Low,TRUE,
PM,Snag,Softwood Snag Branch Combustion Fraction,SW.Snag.BW.Comb.Frac,0.25,Mod,TRUE,
PM,Snag,Softwood Snag Branch Combustion Fraction,SW.Snag.BW.Comb.Frac,0.25,High,TRUE,
P,Snag,Softwood Snag Branch Combustion Fraction,SW.Snag.BW.Comb.Frac,0.25,Low,TRUE,
P,Snag,Softwood Snag Branch Combustion Fraction,SW.Snag.BW.Comb.Frac,0.25,Mod,TRUE,
P,Snag,Softwood Snag Branch Combustion Fraction,SW.Snag.BW.Comb.Frac,0.25,High,TRUE,
TC,Snag,Softwood Snag Branch Combustion Fraction,SW.Snag.BW.Comb.Frac,0.25,Low,TRUE,
TC,Snag,Softwood Snag Branch Combustion Fraction,SW.Snag.BW.Comb.Frac,0.25,Mod,TRUE,
TC,Snag,Softwood Snag Branch Combustion Fraction,SW.Snag.BW.Comb.Frac,0.25,High,TRUE,
TP,Snag,Softwood Snag Branch Combustion Fraction,SW.Snag.BW.Comb.Frac,0.25,Low,TRUE,
TP,Snag,Softwood Snag Branch Combustion Fraction,SW.Snag.BW.Comb.Frac,0.25,Mod,TRUE,
TP,Snag,Softwood Snag Branch Combustion Fraction,SW.Snag.BW.Comb.Frac,0.25,High,TRUE,
TSE,Snag,Softwood Snag Branch Combustion Fraction,SW.Snag.BW.Comb.Frac,1,Low,TRUE,
TSE,Snag,Softwood Snag Branch Combustion Fraction,SW.Snag.BW.Comb.Frac,0.25,Mod,TRUE,
TSE,Snag,Softwood Snag Branch Combustion Fraction,SW.Snag.BW.Comb.Frac,0.25,High,TRUE,
TSW,Snag,Softwood Snag Branch Combustion Fraction,SW.Snag.BW.Comb.Frac,1,Low,TRUE,
TSW,Snag,Softwood Snag Branch Combustion Fraction,SW.Snag.BW.Comb.Frac,0.25,Mod,TRUE,
TSW,Snag,Softwood Snag Branch Combustion Fraction,SW.Snag.BW.Comb.Frac,0.25,High,TRUE,
AM,Snag,Softwood Snag Combustion Fraction,SW.Snag.Comb.Frac,0.1,Low,TRUE,
AM,Snag,Softwood Snag Combustion Fraction,SW.Snag.Comb.Frac,0.1,Mod,TRUE,
AM,Snag,Softwood Snag Combustion Fraction,SW.Snag.Comb.Frac,0.1,High,TRUE,
BC,Snag,Softwood Snag Combustion Fraction,SW.Snag.Comb.Frac,0.1,Low,TRUE,
BC,Snag,Softwood Snag Combustion Fraction,SW.Snag.Comb.Frac,0.1,Mod,TRUE,
BC,Snag,Softwood Snag Combustion Fraction,SW.Snag.Comb.Frac,0.1,High,TRUE,
BP,Snag,Softwood Snag Combustion Fraction,SW.Snag.Comb.Frac,0.1,Low,TRUE,
BP,Snag,Softwood Snag Combustion Fraction,SW.Snag.Comb.Frac,0.1,Mod,TRUE,
BP,Snag,Softwood Snag Combustion Fraction,SW.Snag.Comb.Frac,0.1,High,TRUE,
BSW,Snag,Softwood Snag Combustion Fraction,SW.Snag.Comb.Frac,0.1,Low,TRUE,
BSW,Snag,Softwood Snag Combustion Fraction,SW.Snag.Comb.Frac,0.1,Mod,TRUE,
BSW,Snag,Softwood Snag Combustion Fraction,SW.Snag.Comb.Frac,0.1,High,TRUE,
BSE,Snag,Softwood Snag Combustion Fraction,SW.Snag.Comb.Frac,0.1,Low,TRUE,
BSE,Snag,Softwood Snag Combustion Fraction,SW.Snag.Comb.Frac,0.1,Mod,TRUE,
BSE,Snag,Softwood Snag Combustion Fraction,SW.Snag.Comb.Frac,0.1,High,TRUE,
HP,Snag,Softwood Snag Combustion Fraction,SW.Snag.Comb.Frac,0.1,Low,TRUE,
HP,Snag,Softwood Snag Combustion Fraction,SW.Snag.Comb.Frac,0.1,Mod,TRUE,
HP,Snag,Softwood Snag Combustion Fraction,SW.Snag.Comb.Frac,0.1,High,TRUE,
MP,Snag,Softwood Snag Combustion Fraction,SW.Snag.Comb.Frac,0.1,Low,TRUE,
MP,Snag,Softwood Snag Combustion Fraction,SW.Snag.Comb.Frac,0.1,Mod,TRUE,
MP,Snag,Softwood Snag Combustion Fraction,SW.Snag.Comb.Frac,0.1,High,TRUE,
MC,Snag,Softwood Snag Combustion Fraction,SW.Snag.Comb.Frac,0.1,Low,TRUE,
MC,Snag,Softwood Snag Combustion Fraction,SW.Snag.Comb.Frac,0.1,Mod,TRUE,
MC,Snag,Softwood Snag Combustion Fraction,SW.Snag.Comb.Frac,0.1,High,TRUE,
PM,Snag,Softwood Snag Combustion Fraction,SW.Snag.Comb.Frac,0.1,Low,TRUE,
PM,Snag,Softwood Snag Combustion Fraction,SW.Snag.Comb.Frac,0.1,Mod,TRUE,
PM,Snag,Softwood Snag Combustion Fraction,SW.Snag.Comb.Frac,0.1,High,TRUE,
P,Snag,Softwood Snag Combustion Fraction,SW.Snag.Comb.Frac,0.1,Low,TRUE,
P,Snag,Softwood Snag Combustion Fraction,SW.Snag.Comb.Frac,0.1,Mod,TRUE,
P,Snag,Softwood Snag Combustion Fraction,SW.Snag.Comb.Frac,0.1,High,TRUE,
TC,Snag,Softwood Snag Combustion Fraction,SW.Snag.Comb.Frac,0.1,Low,TRUE,
TC,Snag,Softwood Snag Combustion Fraction,SW.Snag.Comb.Frac,0.1,Mod,TRUE,
TC,Snag,Softwood Snag Combustion Fraction,SW.Snag.Comb.Frac,0.1,High,TRUE,
TP,Snag,Softwood Snag Combustion Fraction,SW.Snag.Comb.Frac,0.1,Low,TRUE,
TP,Snag,Softwood Snag Combustion Fraction,SW.Snag.Comb.Frac,0.1,Mod,TRUE,
TP,Snag,Softwood Snag Combustion Fraction,SW.Snag.Comb.Frac,0.1,High,TRUE,
TSE,Snag,Softwood Snag Combustion Fraction,SW.Snag.Comb.Frac,0.2,Low,TRUE,
TSE,Snag,Softwood Snag Combustion Fraction,SW.Snag.Comb.Frac,0.1,Mod,TRUE,
TSE,Snag,Softwood Snag Combustion Fraction,SW.Snag.Comb.Frac,0.1,High,TRUE,
TSW,Snag,Softwood Snag Combustion Fraction,SW.Snag.Comb.Frac,0.2,Low,TRUE,
TSW,Snag,Softwood Snag Combustion Fraction,SW.Snag.Comb.Frac,0.1,Mod,TRUE,
TSW,Snag,Softwood Snag Combustion Fraction,SW.Snag.Comb.Frac,0.1,High,TRUE,
AM,SubMerch,Hardwood SubMerch Coarse Branchwood fraction of total AG Biomass,HW.SubMerch.Coarse.BranchWood.frac.total,0.1,NA,TRUE,
BC,SubMerch,Hardwood SubMerch Coarse Branchwood fraction of total AG Biomass,HW.SubMerch.Coarse.BranchWood.frac.total,0.1,NA,TRUE,
BP,SubMerch,Hardwood SubMerch Coarse Branchwood fraction of total AG Biomass,HW.SubMerch.Coarse.BranchWood.frac.total,0.1,NA,TRUE,
BSW,SubMerch,Hardwood SubMerch Coarse Branchwood fraction of total AG Biomass,HW.SubMerch.Coarse.BranchWood.frac.total,0.1,NA,TRUE,
BSE,SubMerch,Hardwood SubMerch Coarse Branchwood fraction of total AG Biomass,HW.SubMerch.Coarse.BranchWood.frac.total,0.1,NA,TRUE,
HP,SubMerch,Hardwood SubMerch Coarse Branchwood fraction of total AG Biomass,HW.SubMerch.Coarse.BranchWood.frac.total,0.1,NA,TRUE,
MP,SubMerch,Hardwood SubMerch Coarse Branchwood fraction of total AG Biomass,HW.SubMerch.Coarse.BranchWood.frac.total,0.1,NA,TRUE,
MC,SubMerch,Hardwood SubMerch Coarse Branchwood fraction of total AG Biomass,HW.SubMerch.Coarse.BranchWood.frac.total,0.1,NA,TRUE,
PM,SubMerch,Hardwood SubMerch Coarse Branchwood fraction of total AG Biomass,HW.SubMerch.Coarse.BranchWood.frac.total,0.1,NA,TRUE,
P,SubMerch,Hardwood SubMerch Coarse Branchwood fraction of total AG Biomass,HW.SubMerch.Coarse.BranchWood.frac.total,0.1,NA,TRUE,
TC,SubMerch,Hardwood SubMerch Coarse Branchwood fraction of total AG Biomass,HW.SubMerch.Coarse.BranchWood.frac.total,0.1,NA,TRUE,
TP,SubMerch,Hardwood SubMerch Coarse Branchwood fraction of total AG Biomass,HW.SubMerch.Coarse.BranchWood.frac.total,0.1,NA,TRUE,
TSE,SubMerch,Hardwood SubMerch Coarse Branchwood fraction of total AG Biomass,HW.SubMerch.Coarse.BranchWood.frac.total,0.1,NA,TRUE,
TSW,SubMerch,Hardwood SubMerch Coarse Branchwood fraction of total AG Biomass,HW.SubMerch.Coarse.BranchWood.frac.total,0.1,NA,TRUE,
AM,SubMerch,Hardwood SubMerch Mortality,HW.SubMerch.Mort,0.84,Low,TRUE,
AM,SubMerch,Hardwood SubMerch Mortality,HW.SubMerch.Mort,0.89,Mod,TRUE,
AM,SubMerch,Hardwood SubMerch Mortality,HW.SubMerch.Mort,1,High,TRUE,
BC,SubMerch,Hardwood SubMerch Mortality,HW.SubMerch.Mort,0.84,Low,TRUE,
BC,SubMerch,Hardwood SubMerch Mortality,HW.SubMerch.Mort,0.89,Mod,TRUE,
BC,SubMerch,Hardwood SubMerch Mortality,HW.SubMerch.Mort,1,High,TRUE,
BP,SubMerch,Hardwood SubMerch Mortality,HW.SubMerch.Mort,0.84,Low,TRUE,
BP,SubMerch,Hardwood SubMerch Mortality,HW.SubMerch.Mort,0.89,Mod,TRUE,
BP,SubMerch,Hardwood SubMerch Mortality,HW.SubMerch.Mort,1,High,TRUE,
BSW,SubMerch,Hardwood SubMerch Mortality,HW.SubMerch.Mort,0.84,Low,TRUE,
BSW,SubMerch,Hardwood SubMerch Mortality,HW.SubMerch.Mort,0.89,Mod,TRUE,
BSW,SubMerch,Hardwood SubMerch Mortality,HW.SubMerch.Mort,1,High,TRUE,
BSE,SubMerch,Hardwood SubMerch Mortality,HW.SubMerch.Mort,0.84,Low,TRUE,
BSE,SubMerch,Hardwood SubMerch Mortality,HW.SubMerch.Mort,0.89,Mod,TRUE,
BSE,SubMerch,Hardwood SubMerch Mortality,HW.SubMerch.Mort,1,High,TRUE,
HP,SubMerch,Hardwood SubMerch Mortality,HW.SubMerch.Mort,0.84,Low,TRUE,
HP,SubMerch,Hardwood SubMerch Mortality,HW.SubMerch.Mort,0.89,Mod,TRUE,
HP,SubMerch,Hardwood SubMerch Mortality,HW.SubMerch.Mort,1,High,TRUE,
MP,SubMerch,Hardwood SubMerch Mortality,HW.SubMerch.Mort,0.84,Low,TRUE,
MP,SubMerch,Hardwood SubMerch Mortality,HW.SubMerch.Mort,0.89,Mod,TRUE,
MP,SubMerch,Hardwood SubMerch Mortality,HW.SubMerch.Mort,1,High,TRUE,
MC,SubMerch,Hardwood SubMerch Mortality,HW.SubMerch.Mort,0.84,Low,TRUE,
MC,SubMerch,Hardwood SubMerch Mortality,HW.SubMerch.Mort,0.89,Mod,TRUE,
MC,SubMerch,Hardwood SubMerch Mortality,HW.SubMerch.Mort,1,High,TRUE,
PM,SubMerch,Hardwood SubMerch Mortality,HW.SubMerch.Mort,0.84,Low,TRUE,
PM,SubMerch,Hardwood SubMerch Mortality,HW.SubMerch.Mort,0.89,Mod,TRUE,
PM,SubMerch,Hardwood SubMerch Mortality,HW.SubMerch.Mort,1,High,TRUE,
P,SubMerch,Hardwood SubMerch Mortality,HW.SubMerch.Mort,0.84,Low,TRUE,
P,SubMerch,Hardwood SubMerch Mortality,HW.SubMerch.Mort,0.89,Mod,TRUE,
P,SubMerch,Hardwood SubMerch Mortality,HW.SubMerch.Mort,1,High,TRUE,
TC,SubMerch,Hardwood SubMerch Mortality,HW.SubMerch.Mort,0.84,Low,TRUE,
TC,SubMerch,Hardwood SubMerch Mortality,HW.SubMerch.Mort,0.89,Mod,TRUE,
TC,SubMerch,Hardwood SubMerch Mortality,HW.SubMerch.Mort,1,High,TRUE,
TP,SubMerch,Hardwood SubMerch Mortality,HW.SubMerch.Mort,0.84,Low,TRUE,
TP,SubMerch,Hardwood SubMerch Mortality,HW.SubMerch.Mort,0.89,Mod,TRUE,
TP,SubMerch,Hardwood SubMerch Mortality,HW.SubMerch.Mort,1,High,TRUE,
TSE,SubMerch,Hardwood SubMerch Mortality,HW.SubMerch.Mort,0.25,Low,TRUE,
TSE,SubMerch,Hardwood SubMerch Mortality,HW.SubMerch.Mort,0.89,Mod,TRUE,
TSE,SubMerch,Hardwood SubMerch Mortality,HW.SubMerch.Mort,1,High,TRUE,
TSW,SubMerch,Hardwood SubMerch Mortality,HW.SubMerch.Mort,0.25,Low,TRUE,
TSW,SubMerch,Hardwood SubMerch Mortality,HW.SubMerch.Mort,0.89,Mod,TRUE,
TSW,SubMerch,Hardwood SubMerch Mortality,HW.SubMerch.Mort,1,High,TRUE,
AM,SubMerch,Softwood SubMerch Coarse Branchwood fraction of total AG Biomass,SW.SubMerch.Coarse.BranchWood.frac.total,0.1,NA,TRUE,
BC,SubMerch,Softwood SubMerch Coarse Branchwood fraction of total AG Biomass,SW.SubMerch.Coarse.BranchWood.frac.total,0.1,NA,TRUE,
BP,SubMerch,Softwood SubMerch Coarse Branchwood fraction of total AG Biomass,SW.SubMerch.Coarse.BranchWood.frac.total,0.1,NA,TRUE,
BSW,SubMerch,Softwood SubMerch Coarse Branchwood fraction of total AG Biomass,SW.SubMerch.Coarse.BranchWood.frac.total,0.1,NA,TRUE,
BSE,SubMerch,Softwood SubMerch Coarse Branchwood fraction of total AG Biomass,SW.SubMerch.Coarse.BranchWood.frac.total,0.1,NA,TRUE,
HP,SubMerch,Softwood SubMerch Coarse Branchwood fraction of total AG Biomass,SW.SubMerch.Coarse.BranchWood.frac.total,0.1,NA,TRUE,
MP,SubMerch,Softwood SubMerch Coarse Branchwood fraction of total AG Biomass,SW.SubMerch.Coarse.BranchWood.frac.total,0.1,NA,TRUE,
MC,SubMerch,Softwood SubMerch Coarse Branchwood fraction of total AG Biomass,SW.SubMerch.Coarse.BranchWood.frac.total,0.1,NA,TRUE,
PM,SubMerch,Softwood SubMerch Coarse Branchwood fraction of total AG Biomass,SW.SubMerch.Coarse.BranchWood.frac.total,0.1,NA,TRUE,
P,SubMerch,Softwood SubMerch Coarse Branchwood fraction of total AG Biomass,SW.SubMerch.Coarse.BranchWood.frac.total,0.1,NA,TRUE,
TC,SubMerch,Softwood SubMerch Coarse Branchwood fraction of total AG Biomass,SW.SubMerch.Coarse.BranchWood.frac.total,0.1,NA,TRUE,
TP,SubMerch,Softwood SubMerch Coarse Branchwood fraction of total AG Biomass,SW.SubMerch.Coarse.BranchWood.frac.total,0.1,NA,TRUE,
TSE,SubMerch,Softwood SubMerch Coarse Branchwood fraction of total AG Biomass,SW.SubMerch.Coarse.BranchWood.frac.total,0.1,NA,TRUE,
TSW,SubMerch,Softwood SubMerch Coarse Branchwood fraction of total AG Biomass,SW.SubMerch.Coarse.BranchWood.frac.total,0.1,NA,TRUE,
AM,SubMerch,Softwood SubMerch Mortality,SW.SubMerch.Mort,0.28,Low,TRUE,
AM,SubMerch,Softwood SubMerch Mortality,SW.SubMerch.Mort,0.34,Mod,TRUE,
AM,SubMerch,Softwood SubMerch Mortality,SW.SubMerch.Mort,0.95,High,TRUE,
BC,SubMerch,Softwood SubMerch Mortality,SW.SubMerch.Mort,0.24,Low,TRUE,
BC,SubMerch,Softwood SubMerch Mortality,SW.SubMerch.Mort,0.65,Mod,TRUE,
BC,SubMerch,Softwood SubMerch Mortality,SW.SubMerch.Mort,0.98,High,TRUE,
BP,SubMerch,Softwood SubMerch Mortality,SW.SubMerch.Mort,0.45,Low,TRUE,
BP,SubMerch,Softwood SubMerch Mortality,SW.SubMerch.Mort,0.81,Mod,TRUE,
BP,SubMerch,Softwood SubMerch Mortality,SW.SubMerch.Mort,1,High,TRUE,
BSW,SubMerch,Softwood SubMerch Mortality,SW.SubMerch.Mort,0.45,Low,TRUE,
BSW,SubMerch,Softwood SubMerch Mortality,SW.SubMerch.Mort,0.81,Mod,TRUE,
BSW,SubMerch,Softwood SubMerch Mortality,SW.SubMerch.Mort,1,High,TRUE,
BSE,SubMerch,Softwood SubMerch Mortality,SW.SubMerch.Mort,0.45,Low,TRUE,
BSE,SubMerch,Softwood SubMerch Mortality,SW.SubMerch.Mort,0.81,Mod,TRUE,
BSE,SubMerch,Softwood SubMerch Mortality,SW.SubMerch.Mort,1,High,TRUE,
HP,SubMerch,Softwood SubMerch Mortality,SW.SubMerch.Mort,0.45,Low,TRUE,
HP,SubMerch,Softwood SubMerch Mortality,SW.SubMerch.Mort,0.81,Mod,TRUE,
HP,SubMerch,Softwood SubMerch Mortality,SW.SubMerch.Mort,1,High,TRUE,
MP,SubMerch,Softwood SubMerch Mortality,SW.SubMerch.Mort,0.28,Low,TRUE,
MP,SubMerch,Softwood SubMerch Mortality,SW.SubMerch.Mort,0.34,Mod,TRUE,
MP,SubMerch,Softwood SubMerch Mortality,SW.SubMerch.Mort,0.95,High,TRUE,
MC,SubMerch,Softwood SubMerch Mortality,SW.SubMerch.Mort,0.28,Low,TRUE,
MC,SubMerch,Softwood SubMerch Mortality,SW.SubMerch.Mort,0.74,Mod,TRUE,
MC,SubMerch,Softwood SubMerch Mortality,SW.SubMerch.Mort,0.98,High,TRUE,
PM,SubMerch,Softwood SubMerch Mortality,SW.SubMerch.Mort,0.13,Low,TRUE,
PM,SubMerch,Softwood SubMerch Mortality,SW.SubMerch.Mort,0.38,Mod,TRUE,
PM,SubMerch,Softwood SubMerch Mortality,SW.SubMerch.Mort,0.97,High,TRUE,
P,SubMerch,Softwood SubMerch Mortality,SW.SubMerch.Mort,0.45,Low,TRUE,
P,SubMerch,Softwood SubMerch Mortality,SW.SubMerch.Mort,0.81,Mod,TRUE,
P,SubMerch,Softwood SubMerch Mortality,SW.SubMerch.Mort,1,High,TRUE,
TC,SubMerch,Softwood SubMerch Mortality,SW.SubMerch.Mort,0.24,Low,TRUE,
TC,SubMerch,Softwood SubMerch Mortality,SW.SubMerch.Mort,0.65,Mod,TRUE,
TC,SubMerch,Softwood SubMerch Mortality,SW.SubMerch.Mort,0.98,High,TRUE,
TP,SubMerch,Softwood SubMerch Mortality,SW.SubMerch.Mort,0.45,Low,TRUE,
TP,SubMerch,Softwood SubMerch Mortality,SW.SubMerch.Mort,0.81,Mod,TRUE,
TP,SubMerch,Softwood SubMerch Mortality,SW.SubMerch.Mort,1,High,TRUE,
TSE,SubMerch,Softwood SubMerch Mortality,SW.SubMerch.Mort,0.1,Low,TRUE,
TSE,SubMerch,Softwood SubMerch Mortality,SW.SubMerch.Mort,0.81,Mod,TRUE,
TSE,SubMerch,Softwood SubMerch Mortality,SW.SubMerch.Mort,1,High,TRUE,
TSW,SubMerch,Softwood SubMerch Mortality,SW.SubMerch.Mort,0.1,Low,TRUE,
TSW,SubMerch,Softwood SubMerch Mortality,SW.SubMerch.Mort,0.81,Mod,TRUE,
TSW,SubMerch,Softwood SubMerch Mortality,SW.SubMerch.Mort,1,High,TRUE,
